id,category,sub_category,issue_type,title,scenario_summary,key_arguments,counter_arguments,required_documents,useful_search_keywords,expected_source_areas,caution_notes,source_area,source_type,trust_level,review_status
"PIP001","계약전 알릴의무","실손보험 계약해지","중요사항성 / 고의중과실","M47.26 1회 통원 미고지로 실손보험 계약해지","M47.26 1회 통원 미고지로 실손보험 계약해지 사안에서 보험사가 약관상 요건, 의학적 필요성, 진단확정, 고지의무 또는 장해평가를 다투는 실무형 검색 보조 시나리오.","보험사는 약관 문언, 청약서 질문사항, 검사결과, 진료기록 또는 장해평가 기준을 근거로 제한 지급 또는 부지급을 주장할 수 있음.;내부 심사 기준과 공식 약관상 요건을 구분해 실제 근거 자료를 확인해야 함.","피보험자 측은 경위, 증상, 검사결과, 치료 경과, 의사 소견을 통해 쟁점별 반박이 가능함.;질병명 또는 비용 항목명만으로 결론 내리지 말고 약관 문언과 의무기록의 구체 내용을 함께 확인해야 함.;이 플레이북은 검색 보조 자료이며 최종 문서의 공식 인용 근거로 사용하면 안 됨.","청약서 알릴의무 질문사항;진료기록지;처방전;검사결과지;진료비 세부내역서;보험사 해지 통지서;의사 소견서","M47.26;요추증;1회 통원;고지의무;중요한 사항;고의;중대한 과실;계약해지;계약전 알릴의무;실손보험 계약해지;중요사항성 / 고의중과실","legal_statutes;fss_dispute_cases;medical_knowledge;terms_standards;precedents","공식 판례, 분쟁조정례, 약관조항이 아니라 검색 보조용 내부 플레이북이다. 최종 판단에는 실제 법령, 약관, 분쟁조정례, 진료기록 확인이 필요하다.","issue_playbooks","internal_issue_playbook","internal_playbook","needs_human_review"
"PIP002","계약전 알릴의무","건강검진 미고지","검진 이상소견 / 중요사항성","갑상선 결절 건강검진 미고지","갑상선 결절 건강검진 미고지 사안에서 보험사가 약관상 요건, 의학적 필요성, 진단확정, 고지의무 또는 장해평가를 다투는 실무형 검색 보조 시나리오.","보험사는 약관 문언, 청약서 질문사항, 검사결과, 진료기록 또는 장해평가 기준을 근거로 제한 지급 또는 부지급을 주장할 수 있음.;내부 심사 기준과 공식 약관상 요건을 구분해 실제 근거 자료를 확인해야 함.","피보험자 측은 경위, 증상, 검사결과, 치료 경과, 의사 소견을 통해 쟁점별 반박이 가능함.;질병명 또는 비용 항목명만으로 결론 내리지 말고 약관 문언과 의무기록의 구체 내용을 함께 확인해야 함.;이 플레이북은 검색 보조 자료이며 최종 문서의 공식 인용 근거로 사용하면 안 됨.","청약서 알릴의무 질문사항;진료기록지;처방전;검사결과지;진료비 세부내역서;보험사 해지 통지서;의사 소견서","갑상선 결절;건강검진;추적관찰;갑상선암;고지의무;암진단비;계약전 알릴의무;건강검진 미고지;검진 이상소견 / 중요사항성","legal_statutes;fss_dispute_cases;medical_knowledge;terms_standards;precedents","공식 판례, 분쟁조정례, 약관조항이 아니라 검색 보조용 내부 플레이북이다. 최종 판단에는 실제 법령, 약관, 분쟁조정례, 진료기록 확인이 필요하다.","issue_playbooks","internal_issue_playbook","internal_playbook","needs_human_review"
"PIP003","계약전 알릴의무","투약 미고지","장기투약 / 인과관계","고혈압 투약 미고지","고혈압 투약 미고지 사안에서 보험사가 약관상 요건, 의학적 필요성, 진단확정, 고지의무 또는 장해평가를 다투는 실무형 검색 보조 시나리오.","보험사는 약관 문언, 청약서 질문사항, 검사결과, 진료기록 또는 장해평가 기준을 근거로 제한 지급 또는 부지급을 주장할 수 있음.;내부 심사 기준과 공식 약관상 요건을 구분해 실제 근거 자료를 확인해야 함.","피보험자 측은 경위, 증상, 검사결과, 치료 경과, 의사 소견을 통해 쟁점별 반박이 가능함.;질병명 또는 비용 항목명만으로 결론 내리지 말고 약관 문언과 의무기록의 구체 내용을 함께 확인해야 함.;이 플레이북은 검색 보조 자료이며 최종 문서의 공식 인용 근거로 사용하면 안 됨.","청약서 알릴의무 질문사항;진료기록지;처방전;검사결과지;진료비 세부내역서;보험사 해지 통지서;의사 소견서","고혈압;투약;뇌경색;고지의무;인과관계;진단비;계약전 알릴의무;투약 미고지;장기투약 / 인과관계","legal_statutes;fss_dispute_cases;medical_knowledge;terms_standards;precedents","공식 판례, 분쟁조정례, 약관조항이 아니라 검색 보조용 내부 플레이북이다. 최종 판단에는 실제 법령, 약관, 분쟁조정례, 진료기록 확인이 필요하다.","issue_playbooks","internal_issue_playbook","internal_playbook","needs_human_review"
"PIP004","계약전 알릴의무","검진 수치 미고지","단순 측정치 / 치료 이력 구분","고혈압 단순 측정치 미고지","고혈압 단순 측정치 미고지 사안에서 보험사가 약관상 요건, 의학적 필요성, 진단확정, 고지의무 또는 장해평가를 다투는 실무형 검색 보조 시나리오.","보험사는 약관 문언, 청약서 질문사항, 검사결과, 진료기록 또는 장해평가 기준을 근거로 제한 지급 또는 부지급을 주장할 수 있음.;내부 심사 기준과 공식 약관상 요건을 구분해 실제 근거 자료를 확인해야 함.","피보험자 측은 경위, 증상, 검사결과, 치료 경과, 의사 소견을 통해 쟁점별 반박이 가능함.;질병명 또는 비용 항목명만으로 결론 내리지 말고 약관 문언과 의무기록의 구체 내용을 함께 확인해야 함.;이 플레이북은 검색 보조 자료이며 최종 문서의 공식 인용 근거로 사용하면 안 됨.","청약서 알릴의무 질문사항;진료기록지;처방전;검사결과지;진료비 세부내역서;보험사 해지 통지서;의사 소견서","혈압 상승;단순 측정치;고혈압;건강검진;투약 없음;재검 권유;계약전 알릴의무;검진 수치 미고지;단순 측정치 / 치료 이력 구분","legal_statutes;fss_dispute_cases;medical_knowledge;terms_standards;precedents","공식 판례, 분쟁조정례, 약관조항이 아니라 검색 보조용 내부 플레이북이다. 최종 판단에는 실제 법령, 약관, 분쟁조정례, 진료기록 확인이 필요하다.","issue_playbooks","internal_issue_playbook","internal_playbook","needs_human_review"
"PIP005","계약전 알릴의무","건강검진 미고지","여성질환 / 암 관련성","유방결절 건강검진 미고지","유방결절 건강검진 미고지 사안에서 보험사가 약관상 요건, 의학적 필요성, 진단확정, 고지의무 또는 장해평가를 다투는 실무형 검색 보조 시나리오.","보험사는 약관 문언, 청약서 질문사항, 검사결과, 진료기록 또는 장해평가 기준을 근거로 제한 지급 또는 부지급을 주장할 수 있음.;내부 심사 기준과 공식 약관상 요건을 구분해 실제 근거 자료를 확인해야 함.","피보험자 측은 경위, 증상, 검사결과, 치료 경과, 의사 소견을 통해 쟁점별 반박이 가능함.;질병명 또는 비용 항목명만으로 결론 내리지 말고 약관 문언과 의무기록의 구체 내용을 함께 확인해야 함.;이 플레이북은 검색 보조 자료이며 최종 문서의 공식 인용 근거로 사용하면 안 됨.","청약서 알릴의무 질문사항;진료기록지;처방전;검사결과지;진료비 세부내역서;보험사 해지 통지서;의사 소견서","유방결절;유방암;초음파;재검 권유;암진단비;중요한 사항;계약전 알릴의무;건강검진 미고지;여성질환 / 암 관련성","legal_statutes;fss_dispute_cases;medical_knowledge;terms_standards;precedents","공식 판례, 분쟁조정례, 약관조항이 아니라 검색 보조용 내부 플레이북이다. 최종 판단에는 실제 법령, 약관, 분쟁조정례, 진료기록 확인이 필요하다.","issue_playbooks","internal_issue_playbook","internal_playbook","needs_human_review"
"PIP006","계약전 알릴의무","경미질환 미고지","1회성 치료 / 중요사항성","위염 1회성 치료 미고지","위염 1회성 치료 미고지 사안에서 보험사가 약관상 요건, 의학적 필요성, 진단확정, 고지의무 또는 장해평가를 다투는 실무형 검색 보조 시나리오.","보험사는 약관 문언, 청약서 질문사항, 검사결과, 진료기록 또는 장해평가 기준을 근거로 제한 지급 또는 부지급을 주장할 수 있음.;내부 심사 기준과 공식 약관상 요건을 구분해 실제 근거 자료를 확인해야 함.","피보험자 측은 경위, 증상, 검사결과, 치료 경과, 의사 소견을 통해 쟁점별 반박이 가능함.;질병명 또는 비용 항목명만으로 결론 내리지 말고 약관 문언과 의무기록의 구체 내용을 함께 확인해야 함.;이 플레이북은 검색 보조 자료이며 최종 문서의 공식 인용 근거로 사용하면 안 됨.","청약서 알릴의무 질문사항;진료기록지;처방전;검사결과지;진료비 세부내역서;보험사 해지 통지서;의사 소견서","위염;1회 진료;단기처방;위암;고지의무;인과관계;계약전 알릴의무;경미질환 미고지;1회성 치료 / 중요사항성","legal_statutes;fss_dispute_cases;medical_knowledge;terms_standards;precedents","공식 판례, 분쟁조정례, 약관조항이 아니라 검색 보조용 내부 플레이북이다. 최종 판단에는 실제 법령, 약관, 분쟁조정례, 진료기록 확인이 필요하다.","issue_playbooks","internal_issue_playbook","internal_playbook","needs_human_review"
"PIP007","계약전 알릴의무","물리치료 미고지","통원치료 / 장기치료 구분","허리통증 물리치료 미고지","허리통증 물리치료 미고지 사안에서 보험사가 약관상 요건, 의학적 필요성, 진단확정, 고지의무 또는 장해평가를 다투는 실무형 검색 보조 시나리오.","보험사는 약관 문언, 청약서 질문사항, 검사결과, 진료기록 또는 장해평가 기준을 근거로 제한 지급 또는 부지급을 주장할 수 있음.;내부 심사 기준과 공식 약관상 요건을 구분해 실제 근거 자료를 확인해야 함.","피보험자 측은 경위, 증상, 검사결과, 치료 경과, 의사 소견을 통해 쟁점별 반박이 가능함.;질병명 또는 비용 항목명만으로 결론 내리지 말고 약관 문언과 의무기록의 구체 내용을 함께 확인해야 함.;이 플레이북은 검색 보조 자료이며 최종 문서의 공식 인용 근거로 사용하면 안 됨.","청약서 알릴의무 질문사항;진료기록지;처방전;검사결과지;진료비 세부내역서;보험사 해지 통지서;의사 소견서","허리통증;물리치료;디스크;통원치료;기왕증;계약해지;계약전 알릴의무;물리치료 미고지;통원치료 / 장기치료 구분","legal_statutes;fss_dispute_cases;medical_knowledge;terms_standards;precedents","공식 판례, 분쟁조정례, 약관조항이 아니라 검색 보조용 내부 플레이북이다. 최종 판단에는 실제 법령, 약관, 분쟁조정례, 진료기록 확인이 필요하다.","issue_playbooks","internal_issue_playbook","internal_playbook","needs_human_review"
"PIP008","계약전 알릴의무","검사 미고지","영상검사 / 진단 전 단계","보험가입 전 MRI 검사 미고지","보험가입 전 MRI 검사 미고지 사안에서 보험사가 약관상 요건, 의학적 필요성, 진단확정, 고지의무 또는 장해평가를 다투는 실무형 검색 보조 시나리오.","보험사는 약관 문언, 청약서 질문사항, 검사결과, 진료기록 또는 장해평가 기준을 근거로 제한 지급 또는 부지급을 주장할 수 있음.;내부 심사 기준과 공식 약관상 요건을 구분해 실제 근거 자료를 확인해야 함.","피보험자 측은 경위, 증상, 검사결과, 치료 경과, 의사 소견을 통해 쟁점별 반박이 가능함.;질병명 또는 비용 항목명만으로 결론 내리지 말고 약관 문언과 의무기록의 구체 내용을 함께 확인해야 함.;이 플레이북은 검색 보조 자료이며 최종 문서의 공식 인용 근거로 사용하면 안 됨.","청약서 알릴의무 질문사항;진료기록지;처방전;검사결과지;진료비 세부내역서;보험사 해지 통지서;의사 소견서","MRI;영상검사;진단 전;정밀검사;동일부위;중요한 사항;계약전 알릴의무;검사 미고지;영상검사 / 진단 전 단계","legal_statutes;fss_dispute_cases;medical_knowledge;terms_standards;precedents","공식 판례, 분쟁조정례, 약관조항이 아니라 검색 보조용 내부 플레이북이다. 최종 판단에는 실제 법령, 약관, 분쟁조정례, 진료기록 확인이 필요하다.","issue_playbooks","internal_issue_playbook","internal_playbook","needs_human_review"
"PIP009","계약전 알릴의무","검진 재검 미고지","재검 권유 / 미확진","건강검진 재검 권유 미고지","건강검진 재검 권유 미고지 사안에서 보험사가 약관상 요건, 의학적 필요성, 진단확정, 고지의무 또는 장해평가를 다투는 실무형 검색 보조 시나리오.","보험사는 약관 문언, 청약서 질문사항, 검사결과, 진료기록 또는 장해평가 기준을 근거로 제한 지급 또는 부지급을 주장할 수 있음.;내부 심사 기준과 공식 약관상 요건을 구분해 실제 근거 자료를 확인해야 함.","피보험자 측은 경위, 증상, 검사결과, 치료 경과, 의사 소견을 통해 쟁점별 반박이 가능함.;질병명 또는 비용 항목명만으로 결론 내리지 말고 약관 문언과 의무기록의 구체 내용을 함께 확인해야 함.;이 플레이북은 검색 보조 자료이며 최종 문서의 공식 인용 근거로 사용하면 안 됨.","청약서 알릴의무 질문사항;진료기록지;처방전;검사결과지;진료비 세부내역서;보험사 해지 통지서;의사 소견서","건강검진;재검 권유;이상소견;미확진;청약서;중요한 사항;계약전 알릴의무;검진 재검 미고지;재검 권유 / 미확진","legal_statutes;fss_dispute_cases;medical_knowledge;terms_standards;precedents","공식 판례, 분쟁조정례, 약관조항이 아니라 검색 보조용 내부 플레이북이다. 최종 판단에는 실제 법령, 약관, 분쟁조정례, 진료기록 확인이 필요하다.","issue_playbooks","internal_issue_playbook","internal_playbook","needs_human_review"
"PIP010","계약전 알릴의무","모집 과정","설계사 고지 / 고지수령권","보험설계사에게만 병력을 말한 경우","보험설계사에게만 병력을 말한 경우 사안에서 보험사가 약관상 요건, 의학적 필요성, 진단확정, 고지의무 또는 장해평가를 다투는 실무형 검색 보조 시나리오.","보험사는 약관 문언, 청약서 질문사항, 검사결과, 진료기록 또는 장해평가 기준을 근거로 제한 지급 또는 부지급을 주장할 수 있음.;내부 심사 기준과 공식 약관상 요건을 구분해 실제 근거 자료를 확인해야 함.","피보험자 측은 경위, 증상, 검사결과, 치료 경과, 의사 소견을 통해 쟁점별 반박이 가능함.;질병명 또는 비용 항목명만으로 결론 내리지 말고 약관 문언과 의무기록의 구체 내용을 함께 확인해야 함.;이 플레이북은 검색 보조 자료이며 최종 문서의 공식 인용 근거로 사용하면 안 됨.","청약서 알릴의무 질문사항;진료기록지;처방전;검사결과지;진료비 세부내역서;보험사 해지 통지서;의사 소견서","설계사;구두 고지;고지수령권;청약서;자필서명;계약해지;계약전 알릴의무;모집 과정;설계사 고지 / 고지수령권","legal_statutes;fss_dispute_cases;medical_knowledge;terms_standards;precedents","공식 판례, 분쟁조정례, 약관조항이 아니라 검색 보조용 내부 플레이북이다. 최종 판단에는 실제 법령, 약관, 분쟁조정례, 진료기록 확인이 필요하다.","issue_playbooks","internal_issue_playbook","internal_playbook","needs_human_review"
"PIP011","계약전 알릴의무","정신과 치료 미고지","치료 이력 / 사망보험","우울증 상담 및 수면제 처방 미고지","우울증 상담 및 수면제 처방 미고지 사안에서 보험사가 약관상 요건, 의학적 필요성, 진단확정, 고지의무 또는 장해평가를 다투는 실무형 검색 보조 시나리오.","보험사는 약관 문언, 청약서 질문사항, 검사결과, 진료기록 또는 장해평가 기준을 근거로 제한 지급 또는 부지급을 주장할 수 있음.;내부 심사 기준과 공식 약관상 요건을 구분해 실제 근거 자료를 확인해야 함.","피보험자 측은 경위, 증상, 검사결과, 치료 경과, 의사 소견을 통해 쟁점별 반박이 가능함.;질병명 또는 비용 항목명만으로 결론 내리지 말고 약관 문언과 의무기록의 구체 내용을 함께 확인해야 함.;이 플레이북은 검색 보조 자료이며 최종 문서의 공식 인용 근거로 사용하면 안 됨.","청약서 알릴의무 질문사항;진료기록지;처방전;검사결과지;진료비 세부내역서;보험사 해지 통지서;의사 소견서","우울증;정신과;수면제;사망보험금;인과관계;상담;계약전 알릴의무;정신과 치료 미고지;치료 이력 / 사망보험","legal_statutes;fss_dispute_cases;medical_knowledge;terms_standards;precedents","공식 판례, 분쟁조정례, 약관조항이 아니라 검색 보조용 내부 플레이북이다. 최종 판단에는 실제 법령, 약관, 분쟁조정례, 진료기록 확인이 필요하다.","issue_playbooks","internal_issue_playbook","internal_playbook","needs_human_review"
"PIP012","계약전 알릴의무","간질환 검진 미고지","간수치 / 재검 권유","간수치 상승 재검 권유 미고지","간수치 상승 재검 권유 미고지 사안에서 보험사가 약관상 요건, 의학적 필요성, 진단확정, 고지의무 또는 장해평가를 다투는 실무형 검색 보조 시나리오.","보험사는 약관 문언, 청약서 질문사항, 검사결과, 진료기록 또는 장해평가 기준을 근거로 제한 지급 또는 부지급을 주장할 수 있음.;내부 심사 기준과 공식 약관상 요건을 구분해 실제 근거 자료를 확인해야 함.","피보험자 측은 경위, 증상, 검사결과, 치료 경과, 의사 소견을 통해 쟁점별 반박이 가능함.;질병명 또는 비용 항목명만으로 결론 내리지 말고 약관 문언과 의무기록의 구체 내용을 함께 확인해야 함.;이 플레이북은 검색 보조 자료이며 최종 문서의 공식 인용 근거로 사용하면 안 됨.","청약서 알릴의무 질문사항;진료기록지;처방전;검사결과지;진료비 세부내역서;보험사 해지 통지서;의사 소견서","간수치;AST;ALT;재검 권유;간질환;건강검진;계약전 알릴의무;간질환 검진 미고지;간수치 / 재검 권유","legal_statutes;fss_dispute_cases;medical_knowledge;terms_standards;precedents","공식 판례, 분쟁조정례, 약관조항이 아니라 검색 보조용 내부 플레이북이다. 최종 판단에는 실제 법령, 약관, 분쟁조정례, 진료기록 확인이 필요하다.","issue_playbooks","internal_issue_playbook","internal_playbook","needs_human_review"
"PIP013","계약전 알릴의무","감염질환 미고지","보균자 / 암 관련성","B형간염 보균 사실 미고지","B형간염 보균 사실 미고지 사안에서 보험사가 약관상 요건, 의학적 필요성, 진단확정, 고지의무 또는 장해평가를 다투는 실무형 검색 보조 시나리오.","보험사는 약관 문언, 청약서 질문사항, 검사결과, 진료기록 또는 장해평가 기준을 근거로 제한 지급 또는 부지급을 주장할 수 있음.;내부 심사 기준과 공식 약관상 요건을 구분해 실제 근거 자료를 확인해야 함.","피보험자 측은 경위, 증상, 검사결과, 치료 경과, 의사 소견을 통해 쟁점별 반박이 가능함.;질병명 또는 비용 항목명만으로 결론 내리지 말고 약관 문언과 의무기록의 구체 내용을 함께 확인해야 함.;이 플레이북은 검색 보조 자료이며 최종 문서의 공식 인용 근거로 사용하면 안 됨.","청약서 알릴의무 질문사항;진료기록지;처방전;검사결과지;진료비 세부내역서;보험사 해지 통지서;의사 소견서","B형간염;보균자;간암;정기검사;인과관계;암진단비;계약전 알릴의무;감염질환 미고지;보균자 / 암 관련성","legal_statutes;fss_dispute_cases;medical_knowledge;terms_standards;precedents","공식 판례, 분쟁조정례, 약관조항이 아니라 검색 보조용 내부 플레이북이다. 최종 판단에는 실제 법령, 약관, 분쟁조정례, 진료기록 확인이 필요하다.","issue_playbooks","internal_issue_playbook","internal_playbook","needs_human_review"
"PIP014","계약전 알릴의무","당뇨 관련 미고지","검진 수치 / 투약 전 단계","당뇨 전단계 검진소견 미고지","당뇨 전단계 검진소견 미고지 사안에서 보험사가 약관상 요건, 의학적 필요성, 진단확정, 고지의무 또는 장해평가를 다투는 실무형 검색 보조 시나리오.","보험사는 약관 문언, 청약서 질문사항, 검사결과, 진료기록 또는 장해평가 기준을 근거로 제한 지급 또는 부지급을 주장할 수 있음.;내부 심사 기준과 공식 약관상 요건을 구분해 실제 근거 자료를 확인해야 함.","피보험자 측은 경위, 증상, 검사결과, 치료 경과, 의사 소견을 통해 쟁점별 반박이 가능함.;질병명 또는 비용 항목명만으로 결론 내리지 말고 약관 문언과 의무기록의 구체 내용을 함께 확인해야 함.;이 플레이북은 검색 보조 자료이며 최종 문서의 공식 인용 근거로 사용하면 안 됨.","청약서 알릴의무 질문사항;진료기록지;처방전;검사결과지;진료비 세부내역서;보험사 해지 통지서;의사 소견서","당뇨 전단계;공복혈당장애;검진소견;합병증;투약 없음;중요한 사항;계약전 알릴의무;당뇨 관련 미고지;검진 수치 / 투약 전 단계","legal_statutes;fss_dispute_cases;medical_knowledge;terms_standards;precedents","공식 판례, 분쟁조정례, 약관조항이 아니라 검색 보조용 내부 플레이북이다. 최종 판단에는 실제 법령, 약관, 분쟁조정례, 진료기록 확인이 필요하다.","issue_playbooks","internal_issue_playbook","internal_playbook","needs_human_review"
"PIP015","계약전 알릴의무","전립선 질환 미고지","양성질환 / 암 관련성","전립선비대증 투약 미고지","전립선비대증 투약 미고지 사안에서 보험사가 약관상 요건, 의학적 필요성, 진단확정, 고지의무 또는 장해평가를 다투는 실무형 검색 보조 시나리오.","보험사는 약관 문언, 청약서 질문사항, 검사결과, 진료기록 또는 장해평가 기준을 근거로 제한 지급 또는 부지급을 주장할 수 있음.;내부 심사 기준과 공식 약관상 요건을 구분해 실제 근거 자료를 확인해야 함.","피보험자 측은 경위, 증상, 검사결과, 치료 경과, 의사 소견을 통해 쟁점별 반박이 가능함.;질병명 또는 비용 항목명만으로 결론 내리지 말고 약관 문언과 의무기록의 구체 내용을 함께 확인해야 함.;이 플레이북은 검색 보조 자료이며 최종 문서의 공식 인용 근거로 사용하면 안 됨.","청약서 알릴의무 질문사항;진료기록지;처방전;검사결과지;진료비 세부내역서;보험사 해지 통지서;의사 소견서","전립선비대증;전립선암;투약;암진단비;인과관계;비뇨기과;계약전 알릴의무;전립선 질환 미고지;양성질환 / 암 관련성","legal_statutes;fss_dispute_cases;medical_knowledge;terms_standards;precedents","공식 판례, 분쟁조정례, 약관조항이 아니라 검색 보조용 내부 플레이북이다. 최종 판단에는 실제 법령, 약관, 분쟁조정례, 진료기록 확인이 필요하다.","issue_playbooks","internal_issue_playbook","internal_playbook","needs_human_review"
"PIP016","계약전 알릴의무","산부인과 추적관찰","낭종 / 암 관련성","난소낭종 추적관찰 미고지","난소낭종 추적관찰 미고지 사안에서 보험사가 약관상 요건, 의학적 필요성, 진단확정, 고지의무 또는 장해평가를 다투는 실무형 검색 보조 시나리오.","보험사는 약관 문언, 청약서 질문사항, 검사결과, 진료기록 또는 장해평가 기준을 근거로 제한 지급 또는 부지급을 주장할 수 있음.;내부 심사 기준과 공식 약관상 요건을 구분해 실제 근거 자료를 확인해야 함.","피보험자 측은 경위, 증상, 검사결과, 치료 경과, 의사 소견을 통해 쟁점별 반박이 가능함.;질병명 또는 비용 항목명만으로 결론 내리지 말고 약관 문언과 의무기록의 구체 내용을 함께 확인해야 함.;이 플레이북은 검색 보조 자료이며 최종 문서의 공식 인용 근거로 사용하면 안 됨.","청약서 알릴의무 질문사항;진료기록지;처방전;검사결과지;진료비 세부내역서;보험사 해지 통지서;의사 소견서","난소낭종;추적관찰;난소암;산부인과;초음파;암진단비;계약전 알릴의무;산부인과 추적관찰;낭종 / 암 관련성","legal_statutes;fss_dispute_cases;medical_knowledge;terms_standards;precedents","공식 판례, 분쟁조정례, 약관조항이 아니라 검색 보조용 내부 플레이북이다. 최종 판단에는 실제 법령, 약관, 분쟁조정례, 진료기록 확인이 필요하다.","issue_playbooks","internal_issue_playbook","internal_playbook","needs_human_review"
"PIP017","계약전 알릴의무","심장검사 미고지","심전도 이상 / 추가검사","심전도 이상 추가검사 권유 미고지","심전도 이상 추가검사 권유 미고지 사안에서 보험사가 약관상 요건, 의학적 필요성, 진단확정, 고지의무 또는 장해평가를 다투는 실무형 검색 보조 시나리오.","보험사는 약관 문언, 청약서 질문사항, 검사결과, 진료기록 또는 장해평가 기준을 근거로 제한 지급 또는 부지급을 주장할 수 있음.;내부 심사 기준과 공식 약관상 요건을 구분해 실제 근거 자료를 확인해야 함.","피보험자 측은 경위, 증상, 검사결과, 치료 경과, 의사 소견을 통해 쟁점별 반박이 가능함.;질병명 또는 비용 항목명만으로 결론 내리지 말고 약관 문언과 의무기록의 구체 내용을 함께 확인해야 함.;이 플레이북은 검색 보조 자료이며 최종 문서의 공식 인용 근거로 사용하면 안 됨.","청약서 알릴의무 질문사항;진료기록지;처방전;검사결과지;진료비 세부내역서;보험사 해지 통지서;의사 소견서","심전도 이상;추가검사;심장질환;급성심근경색;검진;진단비;계약전 알릴의무;심장검사 미고지;심전도 이상 / 추가검사","legal_statutes;fss_dispute_cases;medical_knowledge;terms_standards;precedents","공식 판례, 분쟁조정례, 약관조항이 아니라 검색 보조용 내부 플레이북이다. 최종 판단에는 실제 법령, 약관, 분쟁조정례, 진료기록 확인이 필요하다.","issue_playbooks","internal_issue_playbook","internal_playbook","needs_human_review"
"PIP018","계약전 알릴의무","호흡기 치료 미고지","장기처방 / 관련질환","알레르기 비염 장기처방 미고지","알레르기 비염 장기처방 미고지 사안에서 보험사가 약관상 요건, 의학적 필요성, 진단확정, 고지의무 또는 장해평가를 다투는 실무형 검색 보조 시나리오.","보험사는 약관 문언, 청약서 질문사항, 검사결과, 진료기록 또는 장해평가 기준을 근거로 제한 지급 또는 부지급을 주장할 수 있음.;내부 심사 기준과 공식 약관상 요건을 구분해 실제 근거 자료를 확인해야 함.","피보험자 측은 경위, 증상, 검사결과, 치료 경과, 의사 소견을 통해 쟁점별 반박이 가능함.;질병명 또는 비용 항목명만으로 결론 내리지 말고 약관 문언과 의무기록의 구체 내용을 함께 확인해야 함.;이 플레이북은 검색 보조 자료이며 최종 문서의 공식 인용 근거로 사용하면 안 됨.","청약서 알릴의무 질문사항;진료기록지;처방전;검사결과지;진료비 세부내역서;보험사 해지 통지서;의사 소견서","알레르기 비염;장기처방;천식;호흡기질환;입원비;인과관계;계약전 알릴의무;호흡기 치료 미고지;장기처방 / 관련질환","legal_statutes;fss_dispute_cases;medical_knowledge;terms_standards;precedents","공식 판례, 분쟁조정례, 약관조항이 아니라 검색 보조용 내부 플레이북이다. 최종 판단에는 실제 법령, 약관, 분쟁조정례, 진료기록 확인이 필요하다.","issue_playbooks","internal_issue_playbook","internal_playbook","needs_human_review"
"PIP019","계약전 알릴의무","단기 진료 미고지","경미질환 / 중요사항성","감기 2회 진료 미고지","감기 2회 진료 미고지 사안에서 보험사가 약관상 요건, 의학적 필요성, 진단확정, 고지의무 또는 장해평가를 다투는 실무형 검색 보조 시나리오.","보험사는 약관 문언, 청약서 질문사항, 검사결과, 진료기록 또는 장해평가 기준을 근거로 제한 지급 또는 부지급을 주장할 수 있음.;내부 심사 기준과 공식 약관상 요건을 구분해 실제 근거 자료를 확인해야 함.","피보험자 측은 경위, 증상, 검사결과, 치료 경과, 의사 소견을 통해 쟁점별 반박이 가능함.;질병명 또는 비용 항목명만으로 결론 내리지 말고 약관 문언과 의무기록의 구체 내용을 함께 확인해야 함.;이 플레이북은 검색 보조 자료이며 최종 문서의 공식 인용 근거로 사용하면 안 됨.","청약서 알릴의무 질문사항;진료기록지;처방전;검사결과지;진료비 세부내역서;보험사 해지 통지서;의사 소견서","감기;인후염;3개월 내 진료;폐렴;경미질환;입원비;계약전 알릴의무;단기 진료 미고지;경미질환 / 중요사항성","legal_statutes;fss_dispute_cases;medical_knowledge;terms_standards;precedents","공식 판례, 분쟁조정례, 약관조항이 아니라 검색 보조용 내부 플레이북이다. 최종 판단에는 실제 법령, 약관, 분쟁조정례, 진료기록 확인이 필요하다.","issue_playbooks","internal_issue_playbook","internal_playbook","needs_human_review"
"PIP020","계약전 알릴의무","외상 전 진료 미고지","동일 부위 / 상해수술","무릎 통증 물리치료 미고지 후 십자인대 파열","무릎 통증 물리치료 미고지 후 십자인대 파열 사안에서 보험사가 약관상 요건, 의학적 필요성, 진단확정, 고지의무 또는 장해평가를 다투는 실무형 검색 보조 시나리오.","보험사는 약관 문언, 청약서 질문사항, 검사결과, 진료기록 또는 장해평가 기준을 근거로 제한 지급 또는 부지급을 주장할 수 있음.;내부 심사 기준과 공식 약관상 요건을 구분해 실제 근거 자료를 확인해야 함.","피보험자 측은 경위, 증상, 검사결과, 치료 경과, 의사 소견을 통해 쟁점별 반박이 가능함.;질병명 또는 비용 항목명만으로 결론 내리지 말고 약관 문언과 의무기록의 구체 내용을 함께 확인해야 함.;이 플레이북은 검색 보조 자료이며 최종 문서의 공식 인용 근거로 사용하면 안 됨.","청약서 알릴의무 질문사항;진료기록지;처방전;검사결과지;진료비 세부내역서;보험사 해지 통지서;의사 소견서","무릎통증;물리치료;십자인대파열;상해수술비;동일부위;인과관계;계약전 알릴의무;외상 전 진료 미고지;동일 부위 / 상해수술","legal_statutes;fss_dispute_cases;medical_knowledge;terms_standards;precedents","공식 판례, 분쟁조정례, 약관조항이 아니라 검색 보조용 내부 플레이북이다. 최종 판단에는 실제 법령, 약관, 분쟁조정례, 진료기록 확인이 필요하다.","issue_playbooks","internal_issue_playbook","internal_playbook","needs_human_review"
"PIP021","계약전 알릴의무","수면질환 미고지","양압기 / 사망보험","수면무호흡 양압기 사용 미고지","수면무호흡 양압기 사용 미고지 사안에서 보험사가 약관상 요건, 의학적 필요성, 진단확정, 고지의무 또는 장해평가를 다투는 실무형 검색 보조 시나리오.","보험사는 약관 문언, 청약서 질문사항, 검사결과, 진료기록 또는 장해평가 기준을 근거로 제한 지급 또는 부지급을 주장할 수 있음.;내부 심사 기준과 공식 약관상 요건을 구분해 실제 근거 자료를 확인해야 함.","피보험자 측은 경위, 증상, 검사결과, 치료 경과, 의사 소견을 통해 쟁점별 반박이 가능함.;질병명 또는 비용 항목명만으로 결론 내리지 말고 약관 문언과 의무기록의 구체 내용을 함께 확인해야 함.;이 플레이북은 검색 보조 자료이며 최종 문서의 공식 인용 근거로 사용하면 안 됨.","청약서 알릴의무 질문사항;진료기록지;처방전;검사결과지;진료비 세부내역서;보험사 해지 통지서;의사 소견서","수면무호흡;양압기;심장질환;사망보험금;인과관계;진단;계약전 알릴의무;수면질환 미고지;양압기 / 사망보험","legal_statutes;fss_dispute_cases;medical_knowledge;terms_standards;precedents","공식 판례, 분쟁조정례, 약관조항이 아니라 검색 보조용 내부 플레이북이다. 최종 판단에는 실제 법령, 약관, 분쟁조정례, 진료기록 확인이 필요하다.","issue_playbooks","internal_issue_playbook","internal_playbook","needs_human_review"
"PIP022","계약전 알릴의무","과거 암 치료 미고지","완치 / 질문기간","과거 암 수술 완치 후 미고지","과거 암 수술 완치 후 미고지 사안에서 보험사가 약관상 요건, 의학적 필요성, 진단확정, 고지의무 또는 장해평가를 다투는 실무형 검색 보조 시나리오.","보험사는 약관 문언, 청약서 질문사항, 검사결과, 진료기록 또는 장해평가 기준을 근거로 제한 지급 또는 부지급을 주장할 수 있음.;내부 심사 기준과 공식 약관상 요건을 구분해 실제 근거 자료를 확인해야 함.","피보험자 측은 경위, 증상, 검사결과, 치료 경과, 의사 소견을 통해 쟁점별 반박이 가능함.;질병명 또는 비용 항목명만으로 결론 내리지 말고 약관 문언과 의무기록의 구체 내용을 함께 확인해야 함.;이 플레이북은 검색 보조 자료이며 최종 문서의 공식 인용 근거로 사용하면 안 됨.","청약서 알릴의무 질문사항;진료기록지;처방전;검사결과지;진료비 세부내역서;보험사 해지 통지서;의사 소견서","과거 암;수술;완치;질문기간;암보험;계약해지;계약전 알릴의무;과거 암 치료 미고지;완치 / 질문기간","legal_statutes;fss_dispute_cases;medical_knowledge;terms_standards;precedents","공식 판례, 분쟁조정례, 약관조항이 아니라 검색 보조용 내부 플레이북이다. 최종 판단에는 실제 법령, 약관, 분쟁조정례, 진료기록 확인이 필요하다.","issue_playbooks","internal_issue_playbook","internal_playbook","needs_human_review"
"PIP023","계약전 알릴의무","내시경 검사 미고지","조직검사 / 양성결과","대장용종 절제 미고지","대장용종 절제 미고지 사안에서 보험사가 약관상 요건, 의학적 필요성, 진단확정, 고지의무 또는 장해평가를 다투는 실무형 검색 보조 시나리오.","보험사는 약관 문언, 청약서 질문사항, 검사결과, 진료기록 또는 장해평가 기준을 근거로 제한 지급 또는 부지급을 주장할 수 있음.;내부 심사 기준과 공식 약관상 요건을 구분해 실제 근거 자료를 확인해야 함.","피보험자 측은 경위, 증상, 검사결과, 치료 경과, 의사 소견을 통해 쟁점별 반박이 가능함.;질병명 또는 비용 항목명만으로 결론 내리지 말고 약관 문언과 의무기록의 구체 내용을 함께 확인해야 함.;이 플레이북은 검색 보조 자료이며 최종 문서의 공식 인용 근거로 사용하면 안 됨.","청약서 알릴의무 질문사항;진료기록지;처방전;검사결과지;진료비 세부내역서;보험사 해지 통지서;의사 소견서","대장용종;내시경;조직검사;대장암;양성;추적검사;계약전 알릴의무;내시경 검사 미고지;조직검사 / 양성결과","legal_statutes;fss_dispute_cases;medical_knowledge;terms_standards;precedents","공식 판례, 분쟁조정례, 약관조항이 아니라 검색 보조용 내부 플레이북이다. 최종 판단에는 실제 법령, 약관, 분쟁조정례, 진료기록 확인이 필요하다.","issue_playbooks","internal_issue_playbook","internal_playbook","needs_human_review"
"PIP024","계약전 알릴의무","갑상선 투약 미고지","기능항진 / 기능저하","갑상선 기능질환 투약 미고지","갑상선 기능질환 투약 미고지 사안에서 보험사가 약관상 요건, 의학적 필요성, 진단확정, 고지의무 또는 장해평가를 다투는 실무형 검색 보조 시나리오.","보험사는 약관 문언, 청약서 질문사항, 검사결과, 진료기록 또는 장해평가 기준을 근거로 제한 지급 또는 부지급을 주장할 수 있음.;내부 심사 기준과 공식 약관상 요건을 구분해 실제 근거 자료를 확인해야 함.","피보험자 측은 경위, 증상, 검사결과, 치료 경과, 의사 소견을 통해 쟁점별 반박이 가능함.;질병명 또는 비용 항목명만으로 결론 내리지 말고 약관 문언과 의무기록의 구체 내용을 함께 확인해야 함.;이 플레이북은 검색 보조 자료이며 최종 문서의 공식 인용 근거로 사용하면 안 됨.","청약서 알릴의무 질문사항;진료기록지;처방전;검사결과지;진료비 세부내역서;보험사 해지 통지서;의사 소견서","갑상선기능항진;갑상선기능저하;투약;갑상선암;인과관계;진단비;계약전 알릴의무;갑상선 투약 미고지;기능항진 / 기능저하","legal_statutes;fss_dispute_cases;medical_knowledge;terms_standards;precedents","공식 판례, 분쟁조정례, 약관조항이 아니라 검색 보조용 내부 플레이북이다. 최종 판단에는 실제 법령, 약관, 분쟁조정례, 진료기록 확인이 필요하다.","issue_playbooks","internal_issue_playbook","internal_playbook","needs_human_review"
"PIP025","계약전 알릴의무","피부질환 미고지","반복치료 / 면책 주장","아토피 반복치료 미고지","아토피 반복치료 미고지 사안에서 보험사가 약관상 요건, 의학적 필요성, 진단확정, 고지의무 또는 장해평가를 다투는 실무형 검색 보조 시나리오.","보험사는 약관 문언, 청약서 질문사항, 검사결과, 진료기록 또는 장해평가 기준을 근거로 제한 지급 또는 부지급을 주장할 수 있음.;내부 심사 기준과 공식 약관상 요건을 구분해 실제 근거 자료를 확인해야 함.","피보험자 측은 경위, 증상, 검사결과, 치료 경과, 의사 소견을 통해 쟁점별 반박이 가능함.;질병명 또는 비용 항목명만으로 결론 내리지 말고 약관 문언과 의무기록의 구체 내용을 함께 확인해야 함.;이 플레이북은 검색 보조 자료이며 최종 문서의 공식 인용 근거로 사용하면 안 됨.","청약서 알릴의무 질문사항;진료기록지;처방전;검사결과지;진료비 세부내역서;보험사 해지 통지서;의사 소견서","아토피;피부염;반복치료;실손보험;통원;중요한 사항;계약전 알릴의무;피부질환 미고지;반복치료 / 면책 주장","legal_statutes;fss_dispute_cases;medical_knowledge;terms_standards;precedents","공식 판례, 분쟁조정례, 약관조항이 아니라 검색 보조용 내부 플레이북이다. 최종 판단에는 실제 법령, 약관, 분쟁조정례, 진료기록 확인이 필요하다.","issue_playbooks","internal_issue_playbook","internal_playbook","needs_human_review"
"PIP026","계약전 알릴의무","담낭질환 미고지","검진소견 / 수술비","담석 검진소견 미고지 후 담낭절제술","담석 검진소견 미고지 후 담낭절제술 사안에서 보험사가 약관상 요건, 의학적 필요성, 진단확정, 고지의무 또는 장해평가를 다투는 실무형 검색 보조 시나리오.","보험사는 약관 문언, 청약서 질문사항, 검사결과, 진료기록 또는 장해평가 기준을 근거로 제한 지급 또는 부지급을 주장할 수 있음.;내부 심사 기준과 공식 약관상 요건을 구분해 실제 근거 자료를 확인해야 함.","피보험자 측은 경위, 증상, 검사결과, 치료 경과, 의사 소견을 통해 쟁점별 반박이 가능함.;질병명 또는 비용 항목명만으로 결론 내리지 말고 약관 문언과 의무기록의 구체 내용을 함께 확인해야 함.;이 플레이북은 검색 보조 자료이며 최종 문서의 공식 인용 근거로 사용하면 안 됨.","청약서 알릴의무 질문사항;진료기록지;처방전;검사결과지;진료비 세부내역서;보험사 해지 통지서;의사 소견서","담석;담낭절제술;건강검진;수술비;복부초음파;인과관계;계약전 알릴의무;담낭질환 미고지;검진소견 / 수술비","legal_statutes;fss_dispute_cases;medical_knowledge;terms_standards;precedents","공식 판례, 분쟁조정례, 약관조항이 아니라 검색 보조용 내부 플레이북이다. 최종 판단에는 실제 법령, 약관, 분쟁조정례, 진료기록 확인이 필요하다.","issue_playbooks","internal_issue_playbook","internal_playbook","needs_human_review"
"PIP027","계약전 알릴의무","부정맥 미고지","심장내과 / 검사기록","부정맥 의심 진료 미고지","부정맥 의심 진료 미고지 사안에서 보험사가 약관상 요건, 의학적 필요성, 진단확정, 고지의무 또는 장해평가를 다투는 실무형 검색 보조 시나리오.","보험사는 약관 문언, 청약서 질문사항, 검사결과, 진료기록 또는 장해평가 기준을 근거로 제한 지급 또는 부지급을 주장할 수 있음.;내부 심사 기준과 공식 약관상 요건을 구분해 실제 근거 자료를 확인해야 함.","피보험자 측은 경위, 증상, 검사결과, 치료 경과, 의사 소견을 통해 쟁점별 반박이 가능함.;질병명 또는 비용 항목명만으로 결론 내리지 말고 약관 문언과 의무기록의 구체 내용을 함께 확인해야 함.;이 플레이북은 검색 보조 자료이며 최종 문서의 공식 인용 근거로 사용하면 안 됨.","청약서 알릴의무 질문사항;진료기록지;처방전;검사결과지;진료비 세부내역서;보험사 해지 통지서;의사 소견서","부정맥;두근거림;홀터검사;심장내과;추가검사;진단비;계약전 알릴의무;부정맥 미고지;심장내과 / 검사기록","legal_statutes;fss_dispute_cases;medical_knowledge;terms_standards;precedents","공식 판례, 분쟁조정례, 약관조항이 아니라 검색 보조용 내부 플레이북이다. 최종 판단에는 실제 법령, 약관, 분쟁조정례, 진료기록 확인이 필요하다.","issue_playbooks","internal_issue_playbook","internal_playbook","needs_human_review"
"PIP028","계약전 알릴의무","신장질환 미고지","단백뇨 / 재검","단백뇨 재검 권유 미고지","단백뇨 재검 권유 미고지 사안에서 보험사가 약관상 요건, 의학적 필요성, 진단확정, 고지의무 또는 장해평가를 다투는 실무형 검색 보조 시나리오.","보험사는 약관 문언, 청약서 질문사항, 검사결과, 진료기록 또는 장해평가 기준을 근거로 제한 지급 또는 부지급을 주장할 수 있음.;내부 심사 기준과 공식 약관상 요건을 구분해 실제 근거 자료를 확인해야 함.","피보험자 측은 경위, 증상, 검사결과, 치료 경과, 의사 소견을 통해 쟁점별 반박이 가능함.;질병명 또는 비용 항목명만으로 결론 내리지 말고 약관 문언과 의무기록의 구체 내용을 함께 확인해야 함.;이 플레이북은 검색 보조 자료이며 최종 문서의 공식 인용 근거로 사용하면 안 됨.","청약서 알릴의무 질문사항;진료기록지;처방전;검사결과지;진료비 세부내역서;보험사 해지 통지서;의사 소견서","단백뇨;신장질환;재검 권유;건강검진;검사결과;중요한 사항;계약전 알릴의무;신장질환 미고지;단백뇨 / 재검","legal_statutes;fss_dispute_cases;medical_knowledge;terms_standards;precedents","공식 판례, 분쟁조정례, 약관조항이 아니라 검색 보조용 내부 플레이북이다. 최종 판단에는 실제 법령, 약관, 분쟁조정례, 진료기록 확인이 필요하다.","issue_playbooks","internal_issue_playbook","internal_playbook","needs_human_review"
"PIP029","계약전 알릴의무","보험자 해지권","해지기간 / 안 날","보험사가 미고지를 안 뒤 늦게 해지 통보","보험사가 미고지를 안 뒤 늦게 해지 통보 사안에서 보험사가 약관상 요건, 의학적 필요성, 진단확정, 고지의무 또는 장해평가를 다투는 실무형 검색 보조 시나리오.","보험사는 약관 문언, 청약서 질문사항, 검사결과, 진료기록 또는 장해평가 기준을 근거로 제한 지급 또는 부지급을 주장할 수 있음.;내부 심사 기준과 공식 약관상 요건을 구분해 실제 근거 자료를 확인해야 함.","피보험자 측은 경위, 증상, 검사결과, 치료 경과, 의사 소견을 통해 쟁점별 반박이 가능함.;질병명 또는 비용 항목명만으로 결론 내리지 말고 약관 문언과 의무기록의 구체 내용을 함께 확인해야 함.;이 플레이북은 검색 보조 자료이며 최종 문서의 공식 인용 근거로 사용하면 안 됨.","청약서 알릴의무 질문사항;진료기록지;처방전;검사결과지;진료비 세부내역서;보험사 해지 통지서;의사 소견서","해지권;안 날;제척기간;계약해지;통지일;보험자;계약전 알릴의무;보험자 해지권;해지기간 / 안 날","legal_statutes;fss_dispute_cases;medical_knowledge;terms_standards;precedents","공식 판례, 분쟁조정례, 약관조항이 아니라 검색 보조용 내부 플레이북이다. 최종 판단에는 실제 법령, 약관, 분쟁조정례, 진료기록 확인이 필요하다.","issue_playbooks","internal_issue_playbook","internal_playbook","needs_human_review"
"PIP030","계약전 알릴의무","인수심사","보험사 인수지침 / 중요사항","인수지침상 거절 사유와 중요한 사항성","인수지침상 거절 사유와 중요한 사항성 사안에서 보험사가 약관상 요건, 의학적 필요성, 진단확정, 고지의무 또는 장해평가를 다투는 실무형 검색 보조 시나리오.","보험사는 약관 문언, 청약서 질문사항, 검사결과, 진료기록 또는 장해평가 기준을 근거로 제한 지급 또는 부지급을 주장할 수 있음.;내부 심사 기준과 공식 약관상 요건을 구분해 실제 근거 자료를 확인해야 함.","피보험자 측은 경위, 증상, 검사결과, 치료 경과, 의사 소견을 통해 쟁점별 반박이 가능함.;질병명 또는 비용 항목명만으로 결론 내리지 말고 약관 문언과 의무기록의 구체 내용을 함께 확인해야 함.;이 플레이북은 검색 보조 자료이며 최종 문서의 공식 인용 근거로 사용하면 안 됨.","청약서 알릴의무 질문사항;진료기록지;처방전;검사결과지;진료비 세부내역서;보험사 해지 통지서;의사 소견서","인수지침;부담보;인수거절;중요한 사항;보험료;심사;계약전 알릴의무;인수심사;보험사 인수지침 / 중요사항","legal_statutes;fss_dispute_cases;medical_knowledge;terms_standards;precedents","공식 판례, 분쟁조정례, 약관조항이 아니라 검색 보조용 내부 플레이북이다. 최종 판단에는 실제 법령, 약관, 분쟁조정례, 진료기록 확인이 필요하다.","issue_playbooks","internal_issue_playbook","internal_playbook","needs_human_review"
"PIP031","실손보험 부지급","실손보험 심사","치료목적 / 약관상 보상범위","도수치료 치료목적 부인","도수치료 치료목적 부인 사안에서 보험사가 약관상 요건, 의학적 필요성, 진단확정, 고지의무 또는 장해평가를 다투는 실무형 검색 보조 시나리오.","보험사는 약관 문언, 청약서 질문사항, 검사결과, 진료기록 또는 장해평가 기준을 근거로 제한 지급 또는 부지급을 주장할 수 있음.;내부 심사 기준과 공식 약관상 요건을 구분해 실제 근거 자료를 확인해야 함.","피보험자 측은 경위, 증상, 검사결과, 치료 경과, 의사 소견을 통해 쟁점별 반박이 가능함.;질병명 또는 비용 항목명만으로 결론 내리지 말고 약관 문언과 의무기록의 구체 내용을 함께 확인해야 함.;이 플레이북은 검색 보조 자료이며 최종 문서의 공식 인용 근거로 사용하면 안 됨.","보험약관;진료비 세부내역서;진료기록지;검사결과지;의사 처방전;치료 경과기록;보험사 부지급 안내문","도수치료;실손보험;부지급;치료목적;의학적 필요성;비급여;약관;실손보험 부지급;실손보험 심사;치료목적 / 약관상 보상범위","terms_standards;fss_dispute_cases;medical_knowledge","공식 판례, 분쟁조정례, 약관조항이 아니라 검색 보조용 내부 플레이북이다. 최종 판단에는 실제 법령, 약관, 분쟁조정례, 진료기록 확인이 필요하다.","issue_playbooks","internal_issue_playbook","internal_playbook","needs_human_review"
"PIP032","실손보험 부지급","실손보험 심사","치료목적 / 약관상 보상범위","백내장 다초점렌즈 비용 부지급","백내장 다초점렌즈 비용 부지급 사안에서 보험사가 약관상 요건, 의학적 필요성, 진단확정, 고지의무 또는 장해평가를 다투는 실무형 검색 보조 시나리오.","보험사는 약관 문언, 청약서 질문사항, 검사결과, 진료기록 또는 장해평가 기준을 근거로 제한 지급 또는 부지급을 주장할 수 있음.;내부 심사 기준과 공식 약관상 요건을 구분해 실제 근거 자료를 확인해야 함.","피보험자 측은 경위, 증상, 검사결과, 치료 경과, 의사 소견을 통해 쟁점별 반박이 가능함.;질병명 또는 비용 항목명만으로 결론 내리지 말고 약관 문언과 의무기록의 구체 내용을 함께 확인해야 함.;이 플레이북은 검색 보조 자료이며 최종 문서의 공식 인용 근거로 사용하면 안 됨.","보험약관;진료비 세부내역서;진료기록지;검사결과지;의사 처방전;치료 경과기록;보험사 부지급 안내문","백내장;실손보험;부지급;치료목적;의학적 필요성;비급여;약관;실손보험 부지급;실손보험 심사;치료목적 / 약관상 보상범위","terms_standards;fss_dispute_cases;medical_knowledge","공식 판례, 분쟁조정례, 약관조항이 아니라 검색 보조용 내부 플레이북이다. 최종 판단에는 실제 법령, 약관, 분쟁조정례, 진료기록 확인이 필요하다.","issue_playbooks","internal_issue_playbook","internal_playbook","needs_human_review"
"PIP033","실손보험 부지급","실손보험 심사","치료목적 / 약관상 보상범위","요양병원 암 입원비 부지급","요양병원 암 입원비 부지급 사안에서 보험사가 약관상 요건, 의학적 필요성, 진단확정, 고지의무 또는 장해평가를 다투는 실무형 검색 보조 시나리오.","보험사는 약관 문언, 청약서 질문사항, 검사결과, 진료기록 또는 장해평가 기준을 근거로 제한 지급 또는 부지급을 주장할 수 있음.;내부 심사 기준과 공식 약관상 요건을 구분해 실제 근거 자료를 확인해야 함.","피보험자 측은 경위, 증상, 검사결과, 치료 경과, 의사 소견을 통해 쟁점별 반박이 가능함.;질병명 또는 비용 항목명만으로 결론 내리지 말고 약관 문언과 의무기록의 구체 내용을 함께 확인해야 함.;이 플레이북은 검색 보조 자료이며 최종 문서의 공식 인용 근거로 사용하면 안 됨.","보험약관;진료비 세부내역서;진료기록지;검사결과지;의사 처방전;치료 경과기록;보험사 부지급 안내문","요양병원;실손보험;부지급;치료목적;의학적 필요성;비급여;약관;실손보험 부지급;실손보험 심사;치료목적 / 약관상 보상범위","terms_standards;fss_dispute_cases;medical_knowledge","공식 판례, 분쟁조정례, 약관조항이 아니라 검색 보조용 내부 플레이북이다. 최종 판단에는 실제 법령, 약관, 분쟁조정례, 진료기록 확인이 필요하다.","issue_playbooks","internal_issue_playbook","internal_playbook","needs_human_review"
"PIP034","실손보험 부지급","실손보험 심사","치료목적 / 약관상 보상범위","비급여 주사치료 부지급","비급여 주사치료 부지급 사안에서 보험사가 약관상 요건, 의학적 필요성, 진단확정, 고지의무 또는 장해평가를 다투는 실무형 검색 보조 시나리오.","보험사는 약관 문언, 청약서 질문사항, 검사결과, 진료기록 또는 장해평가 기준을 근거로 제한 지급 또는 부지급을 주장할 수 있음.;내부 심사 기준과 공식 약관상 요건을 구분해 실제 근거 자료를 확인해야 함.","피보험자 측은 경위, 증상, 검사결과, 치료 경과, 의사 소견을 통해 쟁점별 반박이 가능함.;질병명 또는 비용 항목명만으로 결론 내리지 말고 약관 문언과 의무기록의 구체 내용을 함께 확인해야 함.;이 플레이북은 검색 보조 자료이며 최종 문서의 공식 인용 근거로 사용하면 안 됨.","보험약관;진료비 세부내역서;진료기록지;검사결과지;의사 처방전;치료 경과기록;보험사 부지급 안내문","비급여;실손보험;부지급;치료목적;의학적 필요성;약관;실손보험 부지급;실손보험 심사;치료목적 / 약관상 보상범위","terms_standards;fss_dispute_cases;medical_knowledge","공식 판례, 분쟁조정례, 약관조항이 아니라 검색 보조용 내부 플레이북이다. 최종 판단에는 실제 법령, 약관, 분쟁조정례, 진료기록 확인이 필요하다.","issue_playbooks","internal_issue_playbook","internal_playbook","needs_human_review"
"PIP035","실손보험 부지급","실손보험 심사","치료목적 / 약관상 보상범위","체외충격파 치료 부지급","체외충격파 치료 부지급 사안에서 보험사가 약관상 요건, 의학적 필요성, 진단확정, 고지의무 또는 장해평가를 다투는 실무형 검색 보조 시나리오.","보험사는 약관 문언, 청약서 질문사항, 검사결과, 진료기록 또는 장해평가 기준을 근거로 제한 지급 또는 부지급을 주장할 수 있음.;내부 심사 기준과 공식 약관상 요건을 구분해 실제 근거 자료를 확인해야 함.","피보험자 측은 경위, 증상, 검사결과, 치료 경과, 의사 소견을 통해 쟁점별 반박이 가능함.;질병명 또는 비용 항목명만으로 결론 내리지 말고 약관 문언과 의무기록의 구체 내용을 함께 확인해야 함.;이 플레이북은 검색 보조 자료이며 최종 문서의 공식 인용 근거로 사용하면 안 됨.","보험약관;진료비 세부내역서;진료기록지;검사결과지;의사 처방전;치료 경과기록;보험사 부지급 안내문","체외충격파;실손보험;부지급;치료목적;의학적 필요성;비급여;약관;실손보험 부지급;실손보험 심사;치료목적 / 약관상 보상범위","terms_standards;fss_dispute_cases;medical_knowledge","공식 판례, 분쟁조정례, 약관조항이 아니라 검색 보조용 내부 플레이북이다. 최종 판단에는 실제 법령, 약관, 분쟁조정례, 진료기록 확인이 필요하다.","issue_playbooks","internal_issue_playbook","internal_playbook","needs_human_review"
"PIP036","실손보험 부지급","실손보험 심사","치료목적 / 약관상 보상범위","검사 목적 입원 부지급","검사 목적 입원 부지급 사안에서 보험사가 약관상 요건, 의학적 필요성, 진단확정, 고지의무 또는 장해평가를 다투는 실무형 검색 보조 시나리오.","보험사는 약관 문언, 청약서 질문사항, 검사결과, 진료기록 또는 장해평가 기준을 근거로 제한 지급 또는 부지급을 주장할 수 있음.;내부 심사 기준과 공식 약관상 요건을 구분해 실제 근거 자료를 확인해야 함.","피보험자 측은 경위, 증상, 검사결과, 치료 경과, 의사 소견을 통해 쟁점별 반박이 가능함.;질병명 또는 비용 항목명만으로 결론 내리지 말고 약관 문언과 의무기록의 구체 내용을 함께 확인해야 함.;이 플레이북은 검색 보조 자료이며 최종 문서의 공식 인용 근거로 사용하면 안 됨.","보험약관;진료비 세부내역서;진료기록지;검사결과지;의사 처방전;치료 경과기록;보험사 부지급 안내문","검사;실손보험;부지급;치료목적;의학적 필요성;비급여;약관;실손보험 부지급;실손보험 심사;치료목적 / 약관상 보상범위","terms_standards;fss_dispute_cases;medical_knowledge","공식 판례, 분쟁조정례, 약관조항이 아니라 검색 보조용 내부 플레이북이다. 최종 판단에는 실제 법령, 약관, 분쟁조정례, 진료기록 확인이 필요하다.","issue_playbooks","internal_issue_playbook","internal_playbook","needs_human_review"
"PIP037","실손보험 부지급","실손보험 심사","치료목적 / 약관상 보상범위","치료 필요성 부족 주장","치료 필요성 부족 주장 사안에서 보험사가 약관상 요건, 의학적 필요성, 진단확정, 고지의무 또는 장해평가를 다투는 실무형 검색 보조 시나리오.","보험사는 약관 문언, 청약서 질문사항, 검사결과, 진료기록 또는 장해평가 기준을 근거로 제한 지급 또는 부지급을 주장할 수 있음.;내부 심사 기준과 공식 약관상 요건을 구분해 실제 근거 자료를 확인해야 함.","피보험자 측은 경위, 증상, 검사결과, 치료 경과, 의사 소견을 통해 쟁점별 반박이 가능함.;질병명 또는 비용 항목명만으로 결론 내리지 말고 약관 문언과 의무기록의 구체 내용을 함께 확인해야 함.;이 플레이북은 검색 보조 자료이며 최종 문서의 공식 인용 근거로 사용하면 안 됨.","보험약관;진료비 세부내역서;진료기록지;검사결과지;의사 처방전;치료 경과기록;보험사 부지급 안내문","치료;실손보험;부지급;치료목적;의학적 필요성;비급여;약관;실손보험 부지급;실손보험 심사;치료목적 / 약관상 보상범위","terms_standards;fss_dispute_cases;medical_knowledge","공식 판례, 분쟁조정례, 약관조항이 아니라 검색 보조용 내부 플레이북이다. 최종 판단에는 실제 법령, 약관, 분쟁조정례, 진료기록 확인이 필요하다.","issue_playbooks","internal_issue_playbook","internal_playbook","needs_human_review"
"PIP038","실손보험 부지급","실손보험 심사","치료목적 / 약관상 보상범위","미용 또는 예방 목적 주장","미용 또는 예방 목적 주장 사안에서 보험사가 약관상 요건, 의학적 필요성, 진단확정, 고지의무 또는 장해평가를 다투는 실무형 검색 보조 시나리오.","보험사는 약관 문언, 청약서 질문사항, 검사결과, 진료기록 또는 장해평가 기준을 근거로 제한 지급 또는 부지급을 주장할 수 있음.;내부 심사 기준과 공식 약관상 요건을 구분해 실제 근거 자료를 확인해야 함.","피보험자 측은 경위, 증상, 검사결과, 치료 경과, 의사 소견을 통해 쟁점별 반박이 가능함.;질병명 또는 비용 항목명만으로 결론 내리지 말고 약관 문언과 의무기록의 구체 내용을 함께 확인해야 함.;이 플레이북은 검색 보조 자료이며 최종 문서의 공식 인용 근거로 사용하면 안 됨.","보험약관;진료비 세부내역서;진료기록지;검사결과지;의사 처방전;치료 경과기록;보험사 부지급 안내문","미용;실손보험;부지급;치료목적;의학적 필요성;비급여;약관;실손보험 부지급;실손보험 심사;치료목적 / 약관상 보상범위","terms_standards;fss_dispute_cases;medical_knowledge","공식 판례, 분쟁조정례, 약관조항이 아니라 검색 보조용 내부 플레이북이다. 최종 판단에는 실제 법령, 약관, 분쟁조정례, 진료기록 확인이 필요하다.","issue_playbooks","internal_issue_playbook","internal_playbook","needs_human_review"
"PIP039","실손보험 부지급","실손보험 심사","치료목적 / 약관상 보상범위","중복보상 및 비례보상 쟁점","중복보상 및 비례보상 쟁점 사안에서 보험사가 약관상 요건, 의학적 필요성, 진단확정, 고지의무 또는 장해평가를 다투는 실무형 검색 보조 시나리오.","보험사는 약관 문언, 청약서 질문사항, 검사결과, 진료기록 또는 장해평가 기준을 근거로 제한 지급 또는 부지급을 주장할 수 있음.;내부 심사 기준과 공식 약관상 요건을 구분해 실제 근거 자료를 확인해야 함.","피보험자 측은 경위, 증상, 검사결과, 치료 경과, 의사 소견을 통해 쟁점별 반박이 가능함.;질병명 또는 비용 항목명만으로 결론 내리지 말고 약관 문언과 의무기록의 구체 내용을 함께 확인해야 함.;이 플레이북은 검색 보조 자료이며 최종 문서의 공식 인용 근거로 사용하면 안 됨.","보험약관;진료비 세부내역서;진료기록지;검사결과지;의사 처방전;치료 경과기록;보험사 부지급 안내문","중복보상;실손보험;부지급;치료목적;의학적 필요성;비급여;약관;실손보험 부지급;실손보험 심사;치료목적 / 약관상 보상범위","terms_standards;fss_dispute_cases;medical_knowledge","공식 판례, 분쟁조정례, 약관조항이 아니라 검색 보조용 내부 플레이북이다. 최종 판단에는 실제 법령, 약관, 분쟁조정례, 진료기록 확인이 필요하다.","issue_playbooks","internal_issue_playbook","internal_playbook","needs_human_review"
"PIP040","실손보험 부지급","실손보험 심사","치료목적 / 약관상 보상범위","진료비 세부내역상 비급여 항목 쟁점","진료비 세부내역상 비급여 항목 쟁점 사안에서 보험사가 약관상 요건, 의학적 필요성, 진단확정, 고지의무 또는 장해평가를 다투는 실무형 검색 보조 시나리오.","보험사는 약관 문언, 청약서 질문사항, 검사결과, 진료기록 또는 장해평가 기준을 근거로 제한 지급 또는 부지급을 주장할 수 있음.;내부 심사 기준과 공식 약관상 요건을 구분해 실제 근거 자료를 확인해야 함.","피보험자 측은 경위, 증상, 검사결과, 치료 경과, 의사 소견을 통해 쟁점별 반박이 가능함.;질병명 또는 비용 항목명만으로 결론 내리지 말고 약관 문언과 의무기록의 구체 내용을 함께 확인해야 함.;이 플레이북은 검색 보조 자료이며 최종 문서의 공식 인용 근거로 사용하면 안 됨.","보험약관;진료비 세부내역서;진료기록지;검사결과지;의사 처방전;치료 경과기록;보험사 부지급 안내문","진료비;실손보험;부지급;치료목적;의학적 필요성;비급여;약관;실손보험 부지급;실손보험 심사;치료목적 / 약관상 보상범위","terms_standards;fss_dispute_cases;medical_knowledge","공식 판례, 분쟁조정례, 약관조항이 아니라 검색 보조용 내부 플레이북이다. 최종 판단에는 실제 법령, 약관, 분쟁조정례, 진료기록 확인이 필요하다.","issue_playbooks","internal_issue_playbook","internal_playbook","needs_human_review"
"PIP041","실손보험 부지급","실손보험 심사","치료목적 / 약관상 보상범위","상급병실료 차액 제한 지급","상급병실료 차액 제한 지급 사안에서 보험사가 약관상 요건, 의학적 필요성, 진단확정, 고지의무 또는 장해평가를 다투는 실무형 검색 보조 시나리오.","보험사는 약관 문언, 청약서 질문사항, 검사결과, 진료기록 또는 장해평가 기준을 근거로 제한 지급 또는 부지급을 주장할 수 있음.;내부 심사 기준과 공식 약관상 요건을 구분해 실제 근거 자료를 확인해야 함.","피보험자 측은 경위, 증상, 검사결과, 치료 경과, 의사 소견을 통해 쟁점별 반박이 가능함.;질병명 또는 비용 항목명만으로 결론 내리지 말고 약관 문언과 의무기록의 구체 내용을 함께 확인해야 함.;이 플레이북은 검색 보조 자료이며 최종 문서의 공식 인용 근거로 사용하면 안 됨.","보험약관;진료비 세부내역서;진료기록지;검사결과지;의사 처방전;치료 경과기록;보험사 부지급 안내문","상급병실료;실손보험;부지급;치료목적;의학적 필요성;비급여;약관;실손보험 부지급;실손보험 심사;치료목적 / 약관상 보상범위","terms_standards;fss_dispute_cases;medical_knowledge","공식 판례, 분쟁조정례, 약관조항이 아니라 검색 보조용 내부 플레이북이다. 최종 판단에는 실제 법령, 약관, 분쟁조정례, 진료기록 확인이 필요하다.","issue_playbooks","internal_issue_playbook","internal_playbook","needs_human_review"
"PIP042","실손보험 부지급","실손보험 심사","치료목적 / 약관상 보상범위","비응급 환자 응급실 비용 부지급","비응급 환자 응급실 비용 부지급 사안에서 보험사가 약관상 요건, 의학적 필요성, 진단확정, 고지의무 또는 장해평가를 다투는 실무형 검색 보조 시나리오.","보험사는 약관 문언, 청약서 질문사항, 검사결과, 진료기록 또는 장해평가 기준을 근거로 제한 지급 또는 부지급을 주장할 수 있음.;내부 심사 기준과 공식 약관상 요건을 구분해 실제 근거 자료를 확인해야 함.","피보험자 측은 경위, 증상, 검사결과, 치료 경과, 의사 소견을 통해 쟁점별 반박이 가능함.;질병명 또는 비용 항목명만으로 결론 내리지 말고 약관 문언과 의무기록의 구체 내용을 함께 확인해야 함.;이 플레이북은 검색 보조 자료이며 최종 문서의 공식 인용 근거로 사용하면 안 됨.","보험약관;진료비 세부내역서;진료기록지;검사결과지;의사 처방전;치료 경과기록;보험사 부지급 안내문","비응급;실손보험;부지급;치료목적;의학적 필요성;비급여;약관;실손보험 부지급;실손보험 심사;치료목적 / 약관상 보상범위","terms_standards;fss_dispute_cases;medical_knowledge","공식 판례, 분쟁조정례, 약관조항이 아니라 검색 보조용 내부 플레이북이다. 최종 판단에는 실제 법령, 약관, 분쟁조정례, 진료기록 확인이 필요하다.","issue_playbooks","internal_issue_playbook","internal_playbook","needs_human_review"
"PIP043","실손보험 부지급","실손보험 심사","치료목적 / 약관상 보상범위","비급여 MRI 검사 부지급","비급여 MRI 검사 부지급 사안에서 보험사가 약관상 요건, 의학적 필요성, 진단확정, 고지의무 또는 장해평가를 다투는 실무형 검색 보조 시나리오.","보험사는 약관 문언, 청약서 질문사항, 검사결과, 진료기록 또는 장해평가 기준을 근거로 제한 지급 또는 부지급을 주장할 수 있음.;내부 심사 기준과 공식 약관상 요건을 구분해 실제 근거 자료를 확인해야 함.","피보험자 측은 경위, 증상, 검사결과, 치료 경과, 의사 소견을 통해 쟁점별 반박이 가능함.;질병명 또는 비용 항목명만으로 결론 내리지 말고 약관 문언과 의무기록의 구체 내용을 함께 확인해야 함.;이 플레이북은 검색 보조 자료이며 최종 문서의 공식 인용 근거로 사용하면 안 됨.","보험약관;진료비 세부내역서;진료기록지;검사결과지;의사 처방전;치료 경과기록;보험사 부지급 안내문","비급여;실손보험;부지급;치료목적;의학적 필요성;약관;실손보험 부지급;실손보험 심사;치료목적 / 약관상 보상범위","terms_standards;fss_dispute_cases;medical_knowledge","공식 판례, 분쟁조정례, 약관조항이 아니라 검색 보조용 내부 플레이북이다. 최종 판단에는 실제 법령, 약관, 분쟁조정례, 진료기록 확인이 필요하다.","issue_playbooks","internal_issue_playbook","internal_playbook","needs_human_review"
"PIP044","실손보험 부지급","실손보험 심사","치료목적 / 약관상 보상범위","입원치료를 통원 한도로 제한","입원치료를 통원 한도로 제한 사안에서 보험사가 약관상 요건, 의학적 필요성, 진단확정, 고지의무 또는 장해평가를 다투는 실무형 검색 보조 시나리오.","보험사는 약관 문언, 청약서 질문사항, 검사결과, 진료기록 또는 장해평가 기준을 근거로 제한 지급 또는 부지급을 주장할 수 있음.;내부 심사 기준과 공식 약관상 요건을 구분해 실제 근거 자료를 확인해야 함.","피보험자 측은 경위, 증상, 검사결과, 치료 경과, 의사 소견을 통해 쟁점별 반박이 가능함.;질병명 또는 비용 항목명만으로 결론 내리지 말고 약관 문언과 의무기록의 구체 내용을 함께 확인해야 함.;이 플레이북은 검색 보조 자료이며 최종 문서의 공식 인용 근거로 사용하면 안 됨.","보험약관;진료비 세부내역서;진료기록지;검사결과지;의사 처방전;치료 경과기록;보험사 부지급 안내문","입원치료를;실손보험;부지급;치료목적;의학적 필요성;비급여;약관;실손보험 부지급;실손보험 심사;치료목적 / 약관상 보상범위","terms_standards;fss_dispute_cases;medical_knowledge","공식 판례, 분쟁조정례, 약관조항이 아니라 검색 보조용 내부 플레이북이다. 최종 판단에는 실제 법령, 약관, 분쟁조정례, 진료기록 확인이 필요하다.","issue_playbooks","internal_issue_playbook","internal_playbook","needs_human_review"
"PIP045","실손보험 부지급","실손보험 심사","치료목적 / 약관상 보상범위","비급여 로봇수술 비용 제한","비급여 로봇수술 비용 제한 사안에서 보험사가 약관상 요건, 의학적 필요성, 진단확정, 고지의무 또는 장해평가를 다투는 실무형 검색 보조 시나리오.","보험사는 약관 문언, 청약서 질문사항, 검사결과, 진료기록 또는 장해평가 기준을 근거로 제한 지급 또는 부지급을 주장할 수 있음.;내부 심사 기준과 공식 약관상 요건을 구분해 실제 근거 자료를 확인해야 함.","피보험자 측은 경위, 증상, 검사결과, 치료 경과, 의사 소견을 통해 쟁점별 반박이 가능함.;질병명 또는 비용 항목명만으로 결론 내리지 말고 약관 문언과 의무기록의 구체 내용을 함께 확인해야 함.;이 플레이북은 검색 보조 자료이며 최종 문서의 공식 인용 근거로 사용하면 안 됨.","보험약관;진료비 세부내역서;진료기록지;검사결과지;의사 처방전;치료 경과기록;보험사 부지급 안내문","비급여;실손보험;부지급;치료목적;의학적 필요성;약관;실손보험 부지급;실손보험 심사;치료목적 / 약관상 보상범위","terms_standards;fss_dispute_cases;medical_knowledge","공식 판례, 분쟁조정례, 약관조항이 아니라 검색 보조용 내부 플레이북이다. 최종 판단에는 실제 법령, 약관, 분쟁조정례, 진료기록 확인이 필요하다.","issue_playbooks","internal_issue_playbook","internal_playbook","needs_human_review"
"PIP046","실손보험 부지급","실손보험 심사","치료목적 / 약관상 보상범위","성장호르몬 치료비 부지급","성장호르몬 치료비 부지급 사안에서 보험사가 약관상 요건, 의학적 필요성, 진단확정, 고지의무 또는 장해평가를 다투는 실무형 검색 보조 시나리오.","보험사는 약관 문언, 청약서 질문사항, 검사결과, 진료기록 또는 장해평가 기준을 근거로 제한 지급 또는 부지급을 주장할 수 있음.;내부 심사 기준과 공식 약관상 요건을 구분해 실제 근거 자료를 확인해야 함.","피보험자 측은 경위, 증상, 검사결과, 치료 경과, 의사 소견을 통해 쟁점별 반박이 가능함.;질병명 또는 비용 항목명만으로 결론 내리지 말고 약관 문언과 의무기록의 구체 내용을 함께 확인해야 함.;이 플레이북은 검색 보조 자료이며 최종 문서의 공식 인용 근거로 사용하면 안 됨.","보험약관;진료비 세부내역서;진료기록지;검사결과지;의사 처방전;치료 경과기록;보험사 부지급 안내문","성장호르몬;실손보험;부지급;치료목적;의학적 필요성;비급여;약관;실손보험 부지급;실손보험 심사;치료목적 / 약관상 보상범위","terms_standards;fss_dispute_cases;medical_knowledge","공식 판례, 분쟁조정례, 약관조항이 아니라 검색 보조용 내부 플레이북이다. 최종 판단에는 실제 법령, 약관, 분쟁조정례, 진료기록 확인이 필요하다.","issue_playbooks","internal_issue_playbook","internal_playbook","needs_human_review"
"PIP047","실손보험 부지급","실손보험 심사","치료목적 / 약관상 보상범위","흉터 레이저 치료비 부지급","흉터 레이저 치료비 부지급 사안에서 보험사가 약관상 요건, 의학적 필요성, 진단확정, 고지의무 또는 장해평가를 다투는 실무형 검색 보조 시나리오.","보험사는 약관 문언, 청약서 질문사항, 검사결과, 진료기록 또는 장해평가 기준을 근거로 제한 지급 또는 부지급을 주장할 수 있음.;내부 심사 기준과 공식 약관상 요건을 구분해 실제 근거 자료를 확인해야 함.","피보험자 측은 경위, 증상, 검사결과, 치료 경과, 의사 소견을 통해 쟁점별 반박이 가능함.;질병명 또는 비용 항목명만으로 결론 내리지 말고 약관 문언과 의무기록의 구체 내용을 함께 확인해야 함.;이 플레이북은 검색 보조 자료이며 최종 문서의 공식 인용 근거로 사용하면 안 됨.","보험약관;진료비 세부내역서;진료기록지;검사결과지;의사 처방전;치료 경과기록;보험사 부지급 안내문","흉터;실손보험;부지급;치료목적;의학적 필요성;비급여;약관;실손보험 부지급;실손보험 심사;치료목적 / 약관상 보상범위","terms_standards;fss_dispute_cases;medical_knowledge","공식 판례, 분쟁조정례, 약관조항이 아니라 검색 보조용 내부 플레이북이다. 최종 판단에는 실제 법령, 약관, 분쟁조정례, 진료기록 확인이 필요하다.","issue_playbooks","internal_issue_playbook","internal_playbook","needs_human_review"
"PIP048","실손보험 부지급","실손보험 심사","치료목적 / 약관상 보상범위","하지정맥류 레이저 수술 부지급","하지정맥류 레이저 수술 부지급 사안에서 보험사가 약관상 요건, 의학적 필요성, 진단확정, 고지의무 또는 장해평가를 다투는 실무형 검색 보조 시나리오.","보험사는 약관 문언, 청약서 질문사항, 검사결과, 진료기록 또는 장해평가 기준을 근거로 제한 지급 또는 부지급을 주장할 수 있음.;내부 심사 기준과 공식 약관상 요건을 구분해 실제 근거 자료를 확인해야 함.","피보험자 측은 경위, 증상, 검사결과, 치료 경과, 의사 소견을 통해 쟁점별 반박이 가능함.;질병명 또는 비용 항목명만으로 결론 내리지 말고 약관 문언과 의무기록의 구체 내용을 함께 확인해야 함.;이 플레이북은 검색 보조 자료이며 최종 문서의 공식 인용 근거로 사용하면 안 됨.","보험약관;진료비 세부내역서;진료기록지;검사결과지;의사 처방전;치료 경과기록;보험사 부지급 안내문","하지정맥류;실손보험;부지급;치료목적;의학적 필요성;비급여;약관;실손보험 부지급;실손보험 심사;치료목적 / 약관상 보상범위","terms_standards;fss_dispute_cases;medical_knowledge","공식 판례, 분쟁조정례, 약관조항이 아니라 검색 보조용 내부 플레이북이다. 최종 판단에는 실제 법령, 약관, 분쟁조정례, 진료기록 확인이 필요하다.","issue_playbooks","internal_issue_playbook","internal_playbook","needs_human_review"
"PIP049","실손보험 부지급","실손보험 심사","치료목적 / 약관상 보상범위","한방 추나요법 실손 보상 제한","한방 추나요법 실손 보상 제한 사안에서 보험사가 약관상 요건, 의학적 필요성, 진단확정, 고지의무 또는 장해평가를 다투는 실무형 검색 보조 시나리오.","보험사는 약관 문언, 청약서 질문사항, 검사결과, 진료기록 또는 장해평가 기준을 근거로 제한 지급 또는 부지급을 주장할 수 있음.;내부 심사 기준과 공식 약관상 요건을 구분해 실제 근거 자료를 확인해야 함.","피보험자 측은 경위, 증상, 검사결과, 치료 경과, 의사 소견을 통해 쟁점별 반박이 가능함.;질병명 또는 비용 항목명만으로 결론 내리지 말고 약관 문언과 의무기록의 구체 내용을 함께 확인해야 함.;이 플레이북은 검색 보조 자료이며 최종 문서의 공식 인용 근거로 사용하면 안 됨.","보험약관;진료비 세부내역서;진료기록지;검사결과지;의사 처방전;치료 경과기록;보험사 부지급 안내문","한방;실손보험;부지급;치료목적;의학적 필요성;비급여;약관;실손보험 부지급;실손보험 심사;치료목적 / 약관상 보상범위","terms_standards;fss_dispute_cases;medical_knowledge","공식 판례, 분쟁조정례, 약관조항이 아니라 검색 보조용 내부 플레이북이다. 최종 판단에는 실제 법령, 약관, 분쟁조정례, 진료기록 확인이 필요하다.","issue_playbooks","internal_issue_playbook","internal_playbook","needs_human_review"
"PIP050","실손보험 부지급","실손보험 심사","치료목적 / 약관상 보상범위","턱관절 치료비 치과면책 쟁점","턱관절 치료비 치과면책 쟁점 사안에서 보험사가 약관상 요건, 의학적 필요성, 진단확정, 고지의무 또는 장해평가를 다투는 실무형 검색 보조 시나리오.","보험사는 약관 문언, 청약서 질문사항, 검사결과, 진료기록 또는 장해평가 기준을 근거로 제한 지급 또는 부지급을 주장할 수 있음.;내부 심사 기준과 공식 약관상 요건을 구분해 실제 근거 자료를 확인해야 함.","피보험자 측은 경위, 증상, 검사결과, 치료 경과, 의사 소견을 통해 쟁점별 반박이 가능함.;질병명 또는 비용 항목명만으로 결론 내리지 말고 약관 문언과 의무기록의 구체 내용을 함께 확인해야 함.;이 플레이북은 검색 보조 자료이며 최종 문서의 공식 인용 근거로 사용하면 안 됨.","보험약관;진료비 세부내역서;진료기록지;검사결과지;의사 처방전;치료 경과기록;보험사 부지급 안내문","턱관절;실손보험;부지급;치료목적;의학적 필요성;비급여;약관;실손보험 부지급;실손보험 심사;치료목적 / 약관상 보상범위","terms_standards;fss_dispute_cases;medical_knowledge","공식 판례, 분쟁조정례, 약관조항이 아니라 검색 보조용 내부 플레이북이다. 최종 판단에는 실제 법령, 약관, 분쟁조정례, 진료기록 확인이 필요하다.","issue_playbooks","internal_issue_playbook","internal_playbook","needs_human_review"
"PIP051","실손보험 부지급","실손보험 심사","치료목적 / 약관상 보상범위","보조기와 치료재료 비용 부지급","보조기와 치료재료 비용 부지급 사안에서 보험사가 약관상 요건, 의학적 필요성, 진단확정, 고지의무 또는 장해평가를 다투는 실무형 검색 보조 시나리오.","보험사는 약관 문언, 청약서 질문사항, 검사결과, 진료기록 또는 장해평가 기준을 근거로 제한 지급 또는 부지급을 주장할 수 있음.;내부 심사 기준과 공식 약관상 요건을 구분해 실제 근거 자료를 확인해야 함.","피보험자 측은 경위, 증상, 검사결과, 치료 경과, 의사 소견을 통해 쟁점별 반박이 가능함.;질병명 또는 비용 항목명만으로 결론 내리지 말고 약관 문언과 의무기록의 구체 내용을 함께 확인해야 함.;이 플레이북은 검색 보조 자료이며 최종 문서의 공식 인용 근거로 사용하면 안 됨.","보험약관;진료비 세부내역서;진료기록지;검사결과지;의사 처방전;치료 경과기록;보험사 부지급 안내문","보조기와;실손보험;부지급;치료목적;의학적 필요성;비급여;약관;실손보험 부지급;실손보험 심사;치료목적 / 약관상 보상범위","terms_standards;fss_dispute_cases;medical_knowledge","공식 판례, 분쟁조정례, 약관조항이 아니라 검색 보조용 내부 플레이북이다. 최종 판단에는 실제 법령, 약관, 분쟁조정례, 진료기록 확인이 필요하다.","issue_playbooks","internal_issue_playbook","internal_playbook","needs_human_review"
"PIP052","실손보험 부지급","실손보험 심사","치료목적 / 약관상 보상범위","장기 재활치료 실손 부지급","장기 재활치료 실손 부지급 사안에서 보험사가 약관상 요건, 의학적 필요성, 진단확정, 고지의무 또는 장해평가를 다투는 실무형 검색 보조 시나리오.","보험사는 약관 문언, 청약서 질문사항, 검사결과, 진료기록 또는 장해평가 기준을 근거로 제한 지급 또는 부지급을 주장할 수 있음.;내부 심사 기준과 공식 약관상 요건을 구분해 실제 근거 자료를 확인해야 함.","피보험자 측은 경위, 증상, 검사결과, 치료 경과, 의사 소견을 통해 쟁점별 반박이 가능함.;질병명 또는 비용 항목명만으로 결론 내리지 말고 약관 문언과 의무기록의 구체 내용을 함께 확인해야 함.;이 플레이북은 검색 보조 자료이며 최종 문서의 공식 인용 근거로 사용하면 안 됨.","보험약관;진료비 세부내역서;진료기록지;검사결과지;의사 처방전;치료 경과기록;보험사 부지급 안내문","장기;실손보험;부지급;치료목적;의학적 필요성;비급여;약관;실손보험 부지급;실손보험 심사;치료목적 / 약관상 보상범위","terms_standards;fss_dispute_cases;medical_knowledge","공식 판례, 분쟁조정례, 약관조항이 아니라 검색 보조용 내부 플레이북이다. 최종 판단에는 실제 법령, 약관, 분쟁조정례, 진료기록 확인이 필요하다.","issue_playbooks","internal_issue_playbook","internal_playbook","needs_human_review"
"PIP053","실손보험 부지급","실손보험 심사","치료목적 / 약관상 보상범위","통원비 공제와 한도 산정 쟁점","통원비 공제와 한도 산정 쟁점 사안에서 보험사가 약관상 요건, 의학적 필요성, 진단확정, 고지의무 또는 장해평가를 다투는 실무형 검색 보조 시나리오.","보험사는 약관 문언, 청약서 질문사항, 검사결과, 진료기록 또는 장해평가 기준을 근거로 제한 지급 또는 부지급을 주장할 수 있음.;내부 심사 기준과 공식 약관상 요건을 구분해 실제 근거 자료를 확인해야 함.","피보험자 측은 경위, 증상, 검사결과, 치료 경과, 의사 소견을 통해 쟁점별 반박이 가능함.;질병명 또는 비용 항목명만으로 결론 내리지 말고 약관 문언과 의무기록의 구체 내용을 함께 확인해야 함.;이 플레이북은 검색 보조 자료이며 최종 문서의 공식 인용 근거로 사용하면 안 됨.","보험약관;진료비 세부내역서;진료기록지;검사결과지;의사 처방전;치료 경과기록;보험사 부지급 안내문","통원비;실손보험;부지급;치료목적;의학적 필요성;비급여;약관;실손보험 부지급;실손보험 심사;치료목적 / 약관상 보상범위","terms_standards;fss_dispute_cases;medical_knowledge","공식 판례, 분쟁조정례, 약관조항이 아니라 검색 보조용 내부 플레이북이다. 최종 판단에는 실제 법령, 약관, 분쟁조정례, 진료기록 확인이 필요하다.","issue_playbooks","internal_issue_playbook","internal_playbook","needs_human_review"
"PIP054","실손보험 부지급","실손보험 심사","치료목적 / 약관상 보상범위","건강검진성 검사비 부지급","건강검진성 검사비 부지급 사안에서 보험사가 약관상 요건, 의학적 필요성, 진단확정, 고지의무 또는 장해평가를 다투는 실무형 검색 보조 시나리오.","보험사는 약관 문언, 청약서 질문사항, 검사결과, 진료기록 또는 장해평가 기준을 근거로 제한 지급 또는 부지급을 주장할 수 있음.;내부 심사 기준과 공식 약관상 요건을 구분해 실제 근거 자료를 확인해야 함.","피보험자 측은 경위, 증상, 검사결과, 치료 경과, 의사 소견을 통해 쟁점별 반박이 가능함.;질병명 또는 비용 항목명만으로 결론 내리지 말고 약관 문언과 의무기록의 구체 내용을 함께 확인해야 함.;이 플레이북은 검색 보조 자료이며 최종 문서의 공식 인용 근거로 사용하면 안 됨.","보험약관;진료비 세부내역서;진료기록지;검사결과지;의사 처방전;치료 경과기록;보험사 부지급 안내문","건강검진성;실손보험;부지급;치료목적;의학적 필요성;비급여;약관;실손보험 부지급;실손보험 심사;치료목적 / 약관상 보상범위","terms_standards;fss_dispute_cases;medical_knowledge","공식 판례, 분쟁조정례, 약관조항이 아니라 검색 보조용 내부 플레이북이다. 최종 판단에는 실제 법령, 약관, 분쟁조정례, 진료기록 확인이 필요하다.","issue_playbooks","internal_issue_playbook","internal_playbook","needs_human_review"
"PIP055","실손보험 부지급","실손보험 심사","치료목적 / 약관상 보상범위","치료 필요성 입증자료 부족","치료 필요성 입증자료 부족 사안에서 보험사가 약관상 요건, 의학적 필요성, 진단확정, 고지의무 또는 장해평가를 다투는 실무형 검색 보조 시나리오.","보험사는 약관 문언, 청약서 질문사항, 검사결과, 진료기록 또는 장해평가 기준을 근거로 제한 지급 또는 부지급을 주장할 수 있음.;내부 심사 기준과 공식 약관상 요건을 구분해 실제 근거 자료를 확인해야 함.","피보험자 측은 경위, 증상, 검사결과, 치료 경과, 의사 소견을 통해 쟁점별 반박이 가능함.;질병명 또는 비용 항목명만으로 결론 내리지 말고 약관 문언과 의무기록의 구체 내용을 함께 확인해야 함.;이 플레이북은 검색 보조 자료이며 최종 문서의 공식 인용 근거로 사용하면 안 됨.","보험약관;진료비 세부내역서;진료기록지;검사결과지;의사 처방전;치료 경과기록;보험사 부지급 안내문","치료;실손보험;부지급;치료목적;의학적 필요성;비급여;약관;실손보험 부지급;실손보험 심사;치료목적 / 약관상 보상범위","terms_standards;fss_dispute_cases;medical_knowledge","공식 판례, 분쟁조정례, 약관조항이 아니라 검색 보조용 내부 플레이북이다. 최종 판단에는 실제 법령, 약관, 분쟁조정례, 진료기록 확인이 필요하다.","issue_playbooks","internal_issue_playbook","internal_playbook","needs_human_review"
"PIP056","후유장해 / 장해지급률","장해평가","장해분류표 / 객관적 측정","무릎 동요관절 후유장해","무릎 동요관절 후유장해 사안에서 보험사가 약관상 요건, 의학적 필요성, 진단확정, 고지의무 또는 장해평가를 다투는 실무형 검색 보조 시나리오.","보험사는 약관 문언, 청약서 질문사항, 검사결과, 진료기록 또는 장해평가 기준을 근거로 제한 지급 또는 부지급을 주장할 수 있음.;내부 심사 기준과 공식 약관상 요건을 구분해 실제 근거 자료를 확인해야 함.","피보험자 측은 경위, 증상, 검사결과, 치료 경과, 의사 소견을 통해 쟁점별 반박이 가능함.;질병명 또는 비용 항목명만으로 결론 내리지 말고 약관 문언과 의무기록의 구체 내용을 함께 확인해야 함.;이 플레이북은 검색 보조 자료이며 최종 문서의 공식 인용 근거로 사용하면 안 됨.","장해진단서;수술기록지;영상검사 자료;관절운동범위 측정지;재활치료 기록;사고경위서;기왕증 의무기록","무릎;후유장해;장해지급률;장해분류표;기왕증;객관적 검사;지급률;후유장해 / 장해지급률;장해평가;장해분류표 / 객관적 측정","terms_standards;medical_knowledge;fss_dispute_cases;precedents","공식 판례, 분쟁조정례, 약관조항이 아니라 검색 보조용 내부 플레이북이다. 최종 판단에는 실제 법령, 약관, 분쟁조정례, 진료기록 확인이 필요하다.","issue_playbooks","internal_issue_playbook","internal_playbook","needs_human_review"
"PIP057","후유장해 / 장해지급률","장해평가","장해분류표 / 객관적 측정","회전근개파열 후유장해","회전근개파열 후유장해 사안에서 보험사가 약관상 요건, 의학적 필요성, 진단확정, 고지의무 또는 장해평가를 다투는 실무형 검색 보조 시나리오.","보험사는 약관 문언, 청약서 질문사항, 검사결과, 진료기록 또는 장해평가 기준을 근거로 제한 지급 또는 부지급을 주장할 수 있음.;내부 심사 기준과 공식 약관상 요건을 구분해 실제 근거 자료를 확인해야 함.","피보험자 측은 경위, 증상, 검사결과, 치료 경과, 의사 소견을 통해 쟁점별 반박이 가능함.;질병명 또는 비용 항목명만으로 결론 내리지 말고 약관 문언과 의무기록의 구체 내용을 함께 확인해야 함.;이 플레이북은 검색 보조 자료이며 최종 문서의 공식 인용 근거로 사용하면 안 됨.","장해진단서;수술기록지;영상검사 자료;관절운동범위 측정지;재활치료 기록;사고경위서;기왕증 의무기록","회전근개파열;후유장해;장해지급률;장해분류표;기왕증;객관적 검사;지급률;후유장해 / 장해지급률;장해평가;장해분류표 / 객관적 측정","terms_standards;medical_knowledge;fss_dispute_cases;precedents","공식 판례, 분쟁조정례, 약관조항이 아니라 검색 보조용 내부 플레이북이다. 최종 판단에는 실제 법령, 약관, 분쟁조정례, 진료기록 확인이 필요하다.","issue_playbooks","internal_issue_playbook","internal_playbook","needs_human_review"
"PIP058","후유장해 / 장해지급률","장해평가","장해분류표 / 객관적 측정","추간판탈출증 후유장해","추간판탈출증 후유장해 사안에서 보험사가 약관상 요건, 의학적 필요성, 진단확정, 고지의무 또는 장해평가를 다투는 실무형 검색 보조 시나리오.","보험사는 약관 문언, 청약서 질문사항, 검사결과, 진료기록 또는 장해평가 기준을 근거로 제한 지급 또는 부지급을 주장할 수 있음.;내부 심사 기준과 공식 약관상 요건을 구분해 실제 근거 자료를 확인해야 함.","피보험자 측은 경위, 증상, 검사결과, 치료 경과, 의사 소견을 통해 쟁점별 반박이 가능함.;질병명 또는 비용 항목명만으로 결론 내리지 말고 약관 문언과 의무기록의 구체 내용을 함께 확인해야 함.;이 플레이북은 검색 보조 자료이며 최종 문서의 공식 인용 근거로 사용하면 안 됨.","장해진단서;수술기록지;영상검사 자료;관절운동범위 측정지;재활치료 기록;사고경위서;기왕증 의무기록","추간판탈출증;후유장해;장해지급률;장해분류표;기왕증;객관적 검사;지급률;후유장해 / 장해지급률;장해평가;장해분류표 / 객관적 측정","terms_standards;medical_knowledge;fss_dispute_cases;precedents","공식 판례, 분쟁조정례, 약관조항이 아니라 검색 보조용 내부 플레이북이다. 최종 판단에는 실제 법령, 약관, 분쟁조정례, 진료기록 확인이 필요하다.","issue_playbooks","internal_issue_playbook","internal_playbook","needs_human_review"
"PIP059","후유장해 / 장해지급률","장해평가","장해분류표 / 객관적 측정","척추 압박골절 후유장해","척추 압박골절 후유장해 사안에서 보험사가 약관상 요건, 의학적 필요성, 진단확정, 고지의무 또는 장해평가를 다투는 실무형 검색 보조 시나리오.","보험사는 약관 문언, 청약서 질문사항, 검사결과, 진료기록 또는 장해평가 기준을 근거로 제한 지급 또는 부지급을 주장할 수 있음.;내부 심사 기준과 공식 약관상 요건을 구분해 실제 근거 자료를 확인해야 함.","피보험자 측은 경위, 증상, 검사결과, 치료 경과, 의사 소견을 통해 쟁점별 반박이 가능함.;질병명 또는 비용 항목명만으로 결론 내리지 말고 약관 문언과 의무기록의 구체 내용을 함께 확인해야 함.;이 플레이북은 검색 보조 자료이며 최종 문서의 공식 인용 근거로 사용하면 안 됨.","장해진단서;수술기록지;영상검사 자료;관절운동범위 측정지;재활치료 기록;사고경위서;기왕증 의무기록","척추;후유장해;장해지급률;장해분류표;기왕증;객관적 검사;지급률;후유장해 / 장해지급률;장해평가;장해분류표 / 객관적 측정","terms_standards;medical_knowledge;fss_dispute_cases;precedents","공식 판례, 분쟁조정례, 약관조항이 아니라 검색 보조용 내부 플레이북이다. 최종 판단에는 실제 법령, 약관, 분쟁조정례, 진료기록 확인이 필요하다.","issue_playbooks","internal_issue_playbook","internal_playbook","needs_human_review"
"PIP060","후유장해 / 장해지급률","장해평가","장해분류표 / 객관적 측정","반월상연골파열 후유장해","반월상연골파열 후유장해 사안에서 보험사가 약관상 요건, 의학적 필요성, 진단확정, 고지의무 또는 장해평가를 다투는 실무형 검색 보조 시나리오.","보험사는 약관 문언, 청약서 질문사항, 검사결과, 진료기록 또는 장해평가 기준을 근거로 제한 지급 또는 부지급을 주장할 수 있음.;내부 심사 기준과 공식 약관상 요건을 구분해 실제 근거 자료를 확인해야 함.","피보험자 측은 경위, 증상, 검사결과, 치료 경과, 의사 소견을 통해 쟁점별 반박이 가능함.;질병명 또는 비용 항목명만으로 결론 내리지 말고 약관 문언과 의무기록의 구체 내용을 함께 확인해야 함.;이 플레이북은 검색 보조 자료이며 최종 문서의 공식 인용 근거로 사용하면 안 됨.","장해진단서;수술기록지;영상검사 자료;관절운동범위 측정지;재활치료 기록;사고경위서;기왕증 의무기록","반월상연골파열;후유장해;장해지급률;장해분류표;기왕증;객관적 검사;지급률;후유장해 / 장해지급률;장해평가;장해분류표 / 객관적 측정","terms_standards;medical_knowledge;fss_dispute_cases;precedents","공식 판례, 분쟁조정례, 약관조항이 아니라 검색 보조용 내부 플레이북이다. 최종 판단에는 실제 법령, 약관, 분쟁조정례, 진료기록 확인이 필요하다.","issue_playbooks","internal_issue_playbook","internal_playbook","needs_human_review"
"PIP061","후유장해 / 장해지급률","장해평가","장해분류표 / 객관적 측정","안면 반흔 추상장해","안면 반흔 추상장해 사안에서 보험사가 약관상 요건, 의학적 필요성, 진단확정, 고지의무 또는 장해평가를 다투는 실무형 검색 보조 시나리오.","보험사는 약관 문언, 청약서 질문사항, 검사결과, 진료기록 또는 장해평가 기준을 근거로 제한 지급 또는 부지급을 주장할 수 있음.;내부 심사 기준과 공식 약관상 요건을 구분해 실제 근거 자료를 확인해야 함.","피보험자 측은 경위, 증상, 검사결과, 치료 경과, 의사 소견을 통해 쟁점별 반박이 가능함.;질병명 또는 비용 항목명만으로 결론 내리지 말고 약관 문언과 의무기록의 구체 내용을 함께 확인해야 함.;이 플레이북은 검색 보조 자료이며 최종 문서의 공식 인용 근거로 사용하면 안 됨.","장해진단서;수술기록지;영상검사 자료;관절운동범위 측정지;재활치료 기록;사고경위서;기왕증 의무기록","안면;후유장해;장해지급률;장해분류표;기왕증;객관적 검사;지급률;후유장해 / 장해지급률;장해평가;장해분류표 / 객관적 측정","terms_standards;medical_knowledge;fss_dispute_cases;precedents","공식 판례, 분쟁조정례, 약관조항이 아니라 검색 보조용 내부 플레이북이다. 최종 판단에는 실제 법령, 약관, 분쟁조정례, 진료기록 확인이 필요하다.","issue_playbooks","internal_issue_playbook","internal_playbook","needs_human_review"
"PIP062","후유장해 / 장해지급률","장해평가","장해분류표 / 객관적 측정","신경계 장해 인정 여부","신경계 장해 인정 여부 사안에서 보험사가 약관상 요건, 의학적 필요성, 진단확정, 고지의무 또는 장해평가를 다투는 실무형 검색 보조 시나리오.","보험사는 약관 문언, 청약서 질문사항, 검사결과, 진료기록 또는 장해평가 기준을 근거로 제한 지급 또는 부지급을 주장할 수 있음.;내부 심사 기준과 공식 약관상 요건을 구분해 실제 근거 자료를 확인해야 함.","피보험자 측은 경위, 증상, 검사결과, 치료 경과, 의사 소견을 통해 쟁점별 반박이 가능함.;질병명 또는 비용 항목명만으로 결론 내리지 말고 약관 문언과 의무기록의 구체 내용을 함께 확인해야 함.;이 플레이북은 검색 보조 자료이며 최종 문서의 공식 인용 근거로 사용하면 안 됨.","장해진단서;수술기록지;영상검사 자료;관절운동범위 측정지;재활치료 기록;사고경위서;기왕증 의무기록","신경계;후유장해;장해지급률;장해분류표;기왕증;객관적 검사;지급률;후유장해 / 장해지급률;장해평가;장해분류표 / 객관적 측정","terms_standards;medical_knowledge;fss_dispute_cases;precedents","공식 판례, 분쟁조정례, 약관조항이 아니라 검색 보조용 내부 플레이북이다. 최종 판단에는 실제 법령, 약관, 분쟁조정례, 진료기록 확인이 필요하다.","issue_playbooks","internal_issue_playbook","internal_playbook","needs_human_review"
"PIP063","후유장해 / 장해지급률","장해평가","장해분류표 / 객관적 측정","청력장해 지급률","청력장해 지급률 사안에서 보험사가 약관상 요건, 의학적 필요성, 진단확정, 고지의무 또는 장해평가를 다투는 실무형 검색 보조 시나리오.","보험사는 약관 문언, 청약서 질문사항, 검사결과, 진료기록 또는 장해평가 기준을 근거로 제한 지급 또는 부지급을 주장할 수 있음.;내부 심사 기준과 공식 약관상 요건을 구분해 실제 근거 자료를 확인해야 함.","피보험자 측은 경위, 증상, 검사결과, 치료 경과, 의사 소견을 통해 쟁점별 반박이 가능함.;질병명 또는 비용 항목명만으로 결론 내리지 말고 약관 문언과 의무기록의 구체 내용을 함께 확인해야 함.;이 플레이북은 검색 보조 자료이며 최종 문서의 공식 인용 근거로 사용하면 안 됨.","장해진단서;수술기록지;영상검사 자료;관절운동범위 측정지;재활치료 기록;사고경위서;기왕증 의무기록","청력장해;후유장해;장해지급률;장해분류표;기왕증;객관적 검사;지급률;후유장해 / 장해지급률;장해평가;장해분류표 / 객관적 측정","terms_standards;medical_knowledge;fss_dispute_cases;precedents","공식 판례, 분쟁조정례, 약관조항이 아니라 검색 보조용 내부 플레이북이다. 최종 판단에는 실제 법령, 약관, 분쟁조정례, 진료기록 확인이 필요하다.","issue_playbooks","internal_issue_playbook","internal_playbook","needs_human_review"
"PIP064","후유장해 / 장해지급률","장해평가","장해분류표 / 객관적 측정","관절 운동범위 제한 장해","관절 운동범위 제한 장해 사안에서 보험사가 약관상 요건, 의학적 필요성, 진단확정, 고지의무 또는 장해평가를 다투는 실무형 검색 보조 시나리오.","보험사는 약관 문언, 청약서 질문사항, 검사결과, 진료기록 또는 장해평가 기준을 근거로 제한 지급 또는 부지급을 주장할 수 있음.;내부 심사 기준과 공식 약관상 요건을 구분해 실제 근거 자료를 확인해야 함.","피보험자 측은 경위, 증상, 검사결과, 치료 경과, 의사 소견을 통해 쟁점별 반박이 가능함.;질병명 또는 비용 항목명만으로 결론 내리지 말고 약관 문언과 의무기록의 구체 내용을 함께 확인해야 함.;이 플레이북은 검색 보조 자료이며 최종 문서의 공식 인용 근거로 사용하면 안 됨.","장해진단서;수술기록지;영상검사 자료;관절운동범위 측정지;재활치료 기록;사고경위서;기왕증 의무기록","관절;후유장해;장해지급률;장해분류표;기왕증;객관적 검사;지급률;후유장해 / 장해지급률;장해평가;장해분류표 / 객관적 측정","terms_standards;medical_knowledge;fss_dispute_cases;precedents","공식 판례, 분쟁조정례, 약관조항이 아니라 검색 보조용 내부 플레이북이다. 최종 판단에는 실제 법령, 약관, 분쟁조정례, 진료기록 확인이 필요하다.","issue_playbooks","internal_issue_playbook","internal_playbook","needs_human_review"
"PIP065","후유장해 / 장해지급률","장해평가","장해분류표 / 객관적 측정","기왕장해 감액 쟁점","기왕장해 감액 쟁점 사안에서 보험사가 약관상 요건, 의학적 필요성, 진단확정, 고지의무 또는 장해평가를 다투는 실무형 검색 보조 시나리오.","보험사는 약관 문언, 청약서 질문사항, 검사결과, 진료기록 또는 장해평가 기준을 근거로 제한 지급 또는 부지급을 주장할 수 있음.;내부 심사 기준과 공식 약관상 요건을 구분해 실제 근거 자료를 확인해야 함.","피보험자 측은 경위, 증상, 검사결과, 치료 경과, 의사 소견을 통해 쟁점별 반박이 가능함.;질병명 또는 비용 항목명만으로 결론 내리지 말고 약관 문언과 의무기록의 구체 내용을 함께 확인해야 함.;이 플레이북은 검색 보조 자료이며 최종 문서의 공식 인용 근거로 사용하면 안 됨.","장해진단서;수술기록지;영상검사 자료;관절운동범위 측정지;재활치료 기록;사고경위서;기왕증 의무기록","기왕장해;후유장해;장해지급률;장해분류표;기왕증;객관적 검사;지급률;후유장해 / 장해지급률;장해평가;장해분류표 / 객관적 측정","terms_standards;medical_knowledge;fss_dispute_cases;precedents","공식 판례, 분쟁조정례, 약관조항이 아니라 검색 보조용 내부 플레이북이다. 최종 판단에는 실제 법령, 약관, 분쟁조정례, 진료기록 확인이 필요하다.","issue_playbooks","internal_issue_playbook","internal_playbook","needs_human_review"
"PIP066","후유장해 / 장해지급률","장해평가","장해분류표 / 객관적 측정","발목 골절 후 운동제한","발목 골절 후 운동제한 사안에서 보험사가 약관상 요건, 의학적 필요성, 진단확정, 고지의무 또는 장해평가를 다투는 실무형 검색 보조 시나리오.","보험사는 약관 문언, 청약서 질문사항, 검사결과, 진료기록 또는 장해평가 기준을 근거로 제한 지급 또는 부지급을 주장할 수 있음.;내부 심사 기준과 공식 약관상 요건을 구분해 실제 근거 자료를 확인해야 함.","피보험자 측은 경위, 증상, 검사결과, 치료 경과, 의사 소견을 통해 쟁점별 반박이 가능함.;질병명 또는 비용 항목명만으로 결론 내리지 말고 약관 문언과 의무기록의 구체 내용을 함께 확인해야 함.;이 플레이북은 검색 보조 자료이며 최종 문서의 공식 인용 근거로 사용하면 안 됨.","장해진단서;수술기록지;영상검사 자료;관절운동범위 측정지;재활치료 기록;사고경위서;기왕증 의무기록","발목;후유장해;장해지급률;장해분류표;기왕증;객관적 검사;지급률;후유장해 / 장해지급률;장해평가;장해분류표 / 객관적 측정","terms_standards;medical_knowledge;fss_dispute_cases;precedents","공식 판례, 분쟁조정례, 약관조항이 아니라 검색 보조용 내부 플레이북이다. 최종 판단에는 실제 법령, 약관, 분쟁조정례, 진료기록 확인이 필요하다.","issue_playbooks","internal_issue_playbook","internal_playbook","needs_human_review"
"PIP067","후유장해 / 장해지급률","장해평가","장해분류표 / 객관적 측정","손가락 관절강직 후유장해","손가락 관절강직 후유장해 사안에서 보험사가 약관상 요건, 의학적 필요성, 진단확정, 고지의무 또는 장해평가를 다투는 실무형 검색 보조 시나리오.","보험사는 약관 문언, 청약서 질문사항, 검사결과, 진료기록 또는 장해평가 기준을 근거로 제한 지급 또는 부지급을 주장할 수 있음.;내부 심사 기준과 공식 약관상 요건을 구분해 실제 근거 자료를 확인해야 함.","피보험자 측은 경위, 증상, 검사결과, 치료 경과, 의사 소견을 통해 쟁점별 반박이 가능함.;질병명 또는 비용 항목명만으로 결론 내리지 말고 약관 문언과 의무기록의 구체 내용을 함께 확인해야 함.;이 플레이북은 검색 보조 자료이며 최종 문서의 공식 인용 근거로 사용하면 안 됨.","장해진단서;수술기록지;영상검사 자료;관절운동범위 측정지;재활치료 기록;사고경위서;기왕증 의무기록","손가락;후유장해;장해지급률;장해분류표;기왕증;객관적 검사;지급률;후유장해 / 장해지급률;장해평가;장해분류표 / 객관적 측정","terms_standards;medical_knowledge;fss_dispute_cases;precedents","공식 판례, 분쟁조정례, 약관조항이 아니라 검색 보조용 내부 플레이북이다. 최종 판단에는 실제 법령, 약관, 분쟁조정례, 진료기록 확인이 필요하다.","issue_playbooks","internal_issue_playbook","internal_playbook","needs_human_review"
"PIP068","후유장해 / 장해지급률","장해평가","장해분류표 / 객관적 측정","고관절 인공관절 후유장해","고관절 인공관절 후유장해 사안에서 보험사가 약관상 요건, 의학적 필요성, 진단확정, 고지의무 또는 장해평가를 다투는 실무형 검색 보조 시나리오.","보험사는 약관 문언, 청약서 질문사항, 검사결과, 진료기록 또는 장해평가 기준을 근거로 제한 지급 또는 부지급을 주장할 수 있음.;내부 심사 기준과 공식 약관상 요건을 구분해 실제 근거 자료를 확인해야 함.","피보험자 측은 경위, 증상, 검사결과, 치료 경과, 의사 소견을 통해 쟁점별 반박이 가능함.;질병명 또는 비용 항목명만으로 결론 내리지 말고 약관 문언과 의무기록의 구체 내용을 함께 확인해야 함.;이 플레이북은 검색 보조 자료이며 최종 문서의 공식 인용 근거로 사용하면 안 됨.","장해진단서;수술기록지;영상검사 자료;관절운동범위 측정지;재활치료 기록;사고경위서;기왕증 의무기록","고관절;후유장해;장해지급률;장해분류표;기왕증;객관적 검사;지급률;후유장해 / 장해지급률;장해평가;장해분류표 / 객관적 측정","terms_standards;medical_knowledge;fss_dispute_cases;precedents","공식 판례, 분쟁조정례, 약관조항이 아니라 검색 보조용 내부 플레이북이다. 최종 판단에는 실제 법령, 약관, 분쟁조정례, 진료기록 확인이 필요하다.","issue_playbooks","internal_issue_playbook","internal_playbook","needs_human_review"
"PIP069","후유장해 / 장해지급률","장해평가","장해분류표 / 객관적 측정","복합부위통증증후군 장해","복합부위통증증후군 장해 사안에서 보험사가 약관상 요건, 의학적 필요성, 진단확정, 고지의무 또는 장해평가를 다투는 실무형 검색 보조 시나리오.","보험사는 약관 문언, 청약서 질문사항, 검사결과, 진료기록 또는 장해평가 기준을 근거로 제한 지급 또는 부지급을 주장할 수 있음.;내부 심사 기준과 공식 약관상 요건을 구분해 실제 근거 자료를 확인해야 함.","피보험자 측은 경위, 증상, 검사결과, 치료 경과, 의사 소견을 통해 쟁점별 반박이 가능함.;질병명 또는 비용 항목명만으로 결론 내리지 말고 약관 문언과 의무기록의 구체 내용을 함께 확인해야 함.;이 플레이북은 검색 보조 자료이며 최종 문서의 공식 인용 근거로 사용하면 안 됨.","장해진단서;수술기록지;영상검사 자료;관절운동범위 측정지;재활치료 기록;사고경위서;기왕증 의무기록","복합부위통증증후군;후유장해;장해지급률;장해분류표;기왕증;객관적 검사;지급률;후유장해 / 장해지급률;장해평가;장해분류표 / 객관적 측정","terms_standards;medical_knowledge;fss_dispute_cases;precedents","공식 판례, 분쟁조정례, 약관조항이 아니라 검색 보조용 내부 플레이북이다. 최종 판단에는 실제 법령, 약관, 분쟁조정례, 진료기록 확인이 필요하다.","issue_playbooks","internal_issue_playbook","internal_playbook","needs_human_review"
"PIP070","후유장해 / 장해지급률","장해평가","장해분류표 / 객관적 측정","눈 외상 후 시력장해","눈 외상 후 시력장해 사안에서 보험사가 약관상 요건, 의학적 필요성, 진단확정, 고지의무 또는 장해평가를 다투는 실무형 검색 보조 시나리오.","보험사는 약관 문언, 청약서 질문사항, 검사결과, 진료기록 또는 장해평가 기준을 근거로 제한 지급 또는 부지급을 주장할 수 있음.;내부 심사 기준과 공식 약관상 요건을 구분해 실제 근거 자료를 확인해야 함.","피보험자 측은 경위, 증상, 검사결과, 치료 경과, 의사 소견을 통해 쟁점별 반박이 가능함.;질병명 또는 비용 항목명만으로 결론 내리지 말고 약관 문언과 의무기록의 구체 내용을 함께 확인해야 함.;이 플레이북은 검색 보조 자료이며 최종 문서의 공식 인용 근거로 사용하면 안 됨.","장해진단서;수술기록지;영상검사 자료;관절운동범위 측정지;재활치료 기록;사고경위서;기왕증 의무기록","눈;후유장해;장해지급률;장해분류표;기왕증;객관적 검사;지급률;후유장해 / 장해지급률;장해평가;장해분류표 / 객관적 측정","terms_standards;medical_knowledge;fss_dispute_cases;precedents","공식 판례, 분쟁조정례, 약관조항이 아니라 검색 보조용 내부 플레이북이다. 최종 판단에는 실제 법령, 약관, 분쟁조정례, 진료기록 확인이 필요하다.","issue_playbooks","internal_issue_playbook","internal_playbook","needs_human_review"
"PIP071","후유장해 / 장해지급률","장해평가","장해분류표 / 객관적 측정","하지 단축 장해","하지 단축 장해 사안에서 보험사가 약관상 요건, 의학적 필요성, 진단확정, 고지의무 또는 장해평가를 다투는 실무형 검색 보조 시나리오.","보험사는 약관 문언, 청약서 질문사항, 검사결과, 진료기록 또는 장해평가 기준을 근거로 제한 지급 또는 부지급을 주장할 수 있음.;내부 심사 기준과 공식 약관상 요건을 구분해 실제 근거 자료를 확인해야 함.","피보험자 측은 경위, 증상, 검사결과, 치료 경과, 의사 소견을 통해 쟁점별 반박이 가능함.;질병명 또는 비용 항목명만으로 결론 내리지 말고 약관 문언과 의무기록의 구체 내용을 함께 확인해야 함.;이 플레이북은 검색 보조 자료이며 최종 문서의 공식 인용 근거로 사용하면 안 됨.","장해진단서;수술기록지;영상검사 자료;관절운동범위 측정지;재활치료 기록;사고경위서;기왕증 의무기록","하지;후유장해;장해지급률;장해분류표;기왕증;객관적 검사;지급률;후유장해 / 장해지급률;장해평가;장해분류표 / 객관적 측정","terms_standards;medical_knowledge;fss_dispute_cases;precedents","공식 판례, 분쟁조정례, 약관조항이 아니라 검색 보조용 내부 플레이북이다. 최종 판단에는 실제 법령, 약관, 분쟁조정례, 진료기록 확인이 필요하다.","issue_playbooks","internal_issue_playbook","internal_playbook","needs_human_review"
"PIP072","후유장해 / 장해지급률","장해평가","장해분류표 / 객관적 측정","팔꿈치 골절 후 운동제한","팔꿈치 골절 후 운동제한 사안에서 보험사가 약관상 요건, 의학적 필요성, 진단확정, 고지의무 또는 장해평가를 다투는 실무형 검색 보조 시나리오.","보험사는 약관 문언, 청약서 질문사항, 검사결과, 진료기록 또는 장해평가 기준을 근거로 제한 지급 또는 부지급을 주장할 수 있음.;내부 심사 기준과 공식 약관상 요건을 구분해 실제 근거 자료를 확인해야 함.","피보험자 측은 경위, 증상, 검사결과, 치료 경과, 의사 소견을 통해 쟁점별 반박이 가능함.;질병명 또는 비용 항목명만으로 결론 내리지 말고 약관 문언과 의무기록의 구체 내용을 함께 확인해야 함.;이 플레이북은 검색 보조 자료이며 최종 문서의 공식 인용 근거로 사용하면 안 됨.","장해진단서;수술기록지;영상검사 자료;관절운동범위 측정지;재활치료 기록;사고경위서;기왕증 의무기록","팔꿈치;후유장해;장해지급률;장해분류표;기왕증;객관적 검사;지급률;후유장해 / 장해지급률;장해평가;장해분류표 / 객관적 측정","terms_standards;medical_knowledge;fss_dispute_cases;precedents","공식 판례, 분쟁조정례, 약관조항이 아니라 검색 보조용 내부 플레이북이다. 최종 판단에는 실제 법령, 약관, 분쟁조정례, 진료기록 확인이 필요하다.","issue_playbooks","internal_issue_playbook","internal_playbook","needs_human_review"
"PIP073","후유장해 / 장해지급률","장해평가","장해분류표 / 객관적 측정","치아 파절 후 장해와 치료비 구분","치아 파절 후 장해와 치료비 구분 사안에서 보험사가 약관상 요건, 의학적 필요성, 진단확정, 고지의무 또는 장해평가를 다투는 실무형 검색 보조 시나리오.","보험사는 약관 문언, 청약서 질문사항, 검사결과, 진료기록 또는 장해평가 기준을 근거로 제한 지급 또는 부지급을 주장할 수 있음.;내부 심사 기준과 공식 약관상 요건을 구분해 실제 근거 자료를 확인해야 함.","피보험자 측은 경위, 증상, 검사결과, 치료 경과, 의사 소견을 통해 쟁점별 반박이 가능함.;질병명 또는 비용 항목명만으로 결론 내리지 말고 약관 문언과 의무기록의 구체 내용을 함께 확인해야 함.;이 플레이북은 검색 보조 자료이며 최종 문서의 공식 인용 근거로 사용하면 안 됨.","장해진단서;수술기록지;영상검사 자료;관절운동범위 측정지;재활치료 기록;사고경위서;기왕증 의무기록","치아;후유장해;장해지급률;장해분류표;기왕증;객관적 검사;지급률;후유장해 / 장해지급률;장해평가;장해분류표 / 객관적 측정","terms_standards;medical_knowledge;fss_dispute_cases;precedents","공식 판례, 분쟁조정례, 약관조항이 아니라 검색 보조용 내부 플레이북이다. 최종 판단에는 실제 법령, 약관, 분쟁조정례, 진료기록 확인이 필요하다.","issue_playbooks","internal_issue_playbook","internal_playbook","needs_human_review"
"PIP074","후유장해 / 장해지급률","장해평가","장해분류표 / 객관적 측정","척추 고정술 후 장해","척추 고정술 후 장해 사안에서 보험사가 약관상 요건, 의학적 필요성, 진단확정, 고지의무 또는 장해평가를 다투는 실무형 검색 보조 시나리오.","보험사는 약관 문언, 청약서 질문사항, 검사결과, 진료기록 또는 장해평가 기준을 근거로 제한 지급 또는 부지급을 주장할 수 있음.;내부 심사 기준과 공식 약관상 요건을 구분해 실제 근거 자료를 확인해야 함.","피보험자 측은 경위, 증상, 검사결과, 치료 경과, 의사 소견을 통해 쟁점별 반박이 가능함.;질병명 또는 비용 항목명만으로 결론 내리지 말고 약관 문언과 의무기록의 구체 내용을 함께 확인해야 함.;이 플레이북은 검색 보조 자료이며 최종 문서의 공식 인용 근거로 사용하면 안 됨.","장해진단서;수술기록지;영상검사 자료;관절운동범위 측정지;재활치료 기록;사고경위서;기왕증 의무기록","척추;후유장해;장해지급률;장해분류표;기왕증;객관적 검사;지급률;후유장해 / 장해지급률;장해평가;장해분류표 / 객관적 측정","terms_standards;medical_knowledge;fss_dispute_cases;precedents","공식 판례, 분쟁조정례, 약관조항이 아니라 검색 보조용 내부 플레이북이다. 최종 판단에는 실제 법령, 약관, 분쟁조정례, 진료기록 확인이 필요하다.","issue_playbooks","internal_issue_playbook","internal_playbook","needs_human_review"
"PIP075","후유장해 / 장해지급률","장해평가","장해분류표 / 객관적 측정","말초신경 손상 후유장해","말초신경 손상 후유장해 사안에서 보험사가 약관상 요건, 의학적 필요성, 진단확정, 고지의무 또는 장해평가를 다투는 실무형 검색 보조 시나리오.","보험사는 약관 문언, 청약서 질문사항, 검사결과, 진료기록 또는 장해평가 기준을 근거로 제한 지급 또는 부지급을 주장할 수 있음.;내부 심사 기준과 공식 약관상 요건을 구분해 실제 근거 자료를 확인해야 함.","피보험자 측은 경위, 증상, 검사결과, 치료 경과, 의사 소견을 통해 쟁점별 반박이 가능함.;질병명 또는 비용 항목명만으로 결론 내리지 말고 약관 문언과 의무기록의 구체 내용을 함께 확인해야 함.;이 플레이북은 검색 보조 자료이며 최종 문서의 공식 인용 근거로 사용하면 안 됨.","장해진단서;수술기록지;영상검사 자료;관절운동범위 측정지;재활치료 기록;사고경위서;기왕증 의무기록","말초신경;후유장해;장해지급률;장해분류표;기왕증;객관적 검사;지급률;후유장해 / 장해지급률;장해평가;장해분류표 / 객관적 측정","terms_standards;medical_knowledge;fss_dispute_cases;precedents","공식 판례, 분쟁조정례, 약관조항이 아니라 검색 보조용 내부 플레이북이다. 최종 판단에는 실제 법령, 약관, 분쟁조정례, 진료기록 확인이 필요하다.","issue_playbooks","internal_issue_playbook","internal_playbook","needs_human_review"
"PIP076","암 / 뇌 / 심장 진단비","진단비 심사","진단확정 / 약관 분류","갑상선암 진단비","갑상선암 진단비 사안에서 보험사가 약관상 요건, 의학적 필요성, 진단확정, 고지의무 또는 장해평가를 다투는 실무형 검색 보조 시나리오.","보험사는 약관 문언, 청약서 질문사항, 검사결과, 진료기록 또는 장해평가 기준을 근거로 제한 지급 또는 부지급을 주장할 수 있음.;내부 심사 기준과 공식 약관상 요건을 구분해 실제 근거 자료를 확인해야 함.","피보험자 측은 경위, 증상, 검사결과, 치료 경과, 의사 소견을 통해 쟁점별 반박이 가능함.;질병명 또는 비용 항목명만으로 결론 내리지 말고 약관 문언과 의무기록의 구체 내용을 함께 확인해야 함.;이 플레이북은 검색 보조 자료이며 최종 문서의 공식 인용 근거로 사용하면 안 됨.","보험약관;진단서;병리보고서;영상검사 결과;혈액검사 결과;입퇴원확인서;보험사 부지급 안내문","갑상선암;진단비;확정진단;약관분류;검사결과;보험금;부지급;암 / 뇌 / 심장 진단비;진단비 심사;진단확정 / 약관 분류","terms_standards;medical_knowledge;fss_dispute_cases;legal_statutes","공식 판례, 분쟁조정례, 약관조항이 아니라 검색 보조용 내부 플레이북이다. 최종 판단에는 실제 법령, 약관, 분쟁조정례, 진료기록 확인이 필요하다.","issue_playbooks","internal_issue_playbook","internal_playbook","needs_human_review"
"PIP077","암 / 뇌 / 심장 진단비","진단비 심사","진단확정 / 약관 분류","갑상선 결절 이후 갑상선암","갑상선 결절 이후 갑상선암 사안에서 보험사가 약관상 요건, 의학적 필요성, 진단확정, 고지의무 또는 장해평가를 다투는 실무형 검색 보조 시나리오.","보험사는 약관 문언, 청약서 질문사항, 검사결과, 진료기록 또는 장해평가 기준을 근거로 제한 지급 또는 부지급을 주장할 수 있음.;내부 심사 기준과 공식 약관상 요건을 구분해 실제 근거 자료를 확인해야 함.","피보험자 측은 경위, 증상, 검사결과, 치료 경과, 의사 소견을 통해 쟁점별 반박이 가능함.;질병명 또는 비용 항목명만으로 결론 내리지 말고 약관 문언과 의무기록의 구체 내용을 함께 확인해야 함.;이 플레이북은 검색 보조 자료이며 최종 문서의 공식 인용 근거로 사용하면 안 됨.","보험약관;진단서;병리보고서;영상검사 결과;혈액검사 결과;입퇴원확인서;보험사 부지급 안내문","갑상선;진단비;확정진단;약관분류;검사결과;보험금;부지급;암 / 뇌 / 심장 진단비;진단비 심사;진단확정 / 약관 분류","terms_standards;medical_knowledge;fss_dispute_cases;legal_statutes","공식 판례, 분쟁조정례, 약관조항이 아니라 검색 보조용 내부 플레이북이다. 최종 판단에는 실제 법령, 약관, 분쟁조정례, 진료기록 확인이 필요하다.","issue_playbooks","internal_issue_playbook","internal_playbook","needs_human_review"
"PIP078","암 / 뇌 / 심장 진단비","진단비 심사","진단확정 / 약관 분류","경계성종양 보험금","경계성종양 보험금 사안에서 보험사가 약관상 요건, 의학적 필요성, 진단확정, 고지의무 또는 장해평가를 다투는 실무형 검색 보조 시나리오.","보험사는 약관 문언, 청약서 질문사항, 검사결과, 진료기록 또는 장해평가 기준을 근거로 제한 지급 또는 부지급을 주장할 수 있음.;내부 심사 기준과 공식 약관상 요건을 구분해 실제 근거 자료를 확인해야 함.","피보험자 측은 경위, 증상, 검사결과, 치료 경과, 의사 소견을 통해 쟁점별 반박이 가능함.;질병명 또는 비용 항목명만으로 결론 내리지 말고 약관 문언과 의무기록의 구체 내용을 함께 확인해야 함.;이 플레이북은 검색 보조 자료이며 최종 문서의 공식 인용 근거로 사용하면 안 됨.","보험약관;진단서;병리보고서;영상검사 결과;혈액검사 결과;입퇴원확인서;보험사 부지급 안내문","경계성종양;진단비;확정진단;약관분류;검사결과;보험금;부지급;암 / 뇌 / 심장 진단비;진단비 심사;진단확정 / 약관 분류","terms_standards;medical_knowledge;fss_dispute_cases;legal_statutes","공식 판례, 분쟁조정례, 약관조항이 아니라 검색 보조용 내부 플레이북이다. 최종 판단에는 실제 법령, 약관, 분쟁조정례, 진료기록 확인이 필요하다.","issue_playbooks","internal_issue_playbook","internal_playbook","needs_human_review"
"PIP079","암 / 뇌 / 심장 진단비","진단비 심사","진단확정 / 약관 분류","제자리암 진단비","제자리암 진단비 사안에서 보험사가 약관상 요건, 의학적 필요성, 진단확정, 고지의무 또는 장해평가를 다투는 실무형 검색 보조 시나리오.","보험사는 약관 문언, 청약서 질문사항, 검사결과, 진료기록 또는 장해평가 기준을 근거로 제한 지급 또는 부지급을 주장할 수 있음.;내부 심사 기준과 공식 약관상 요건을 구분해 실제 근거 자료를 확인해야 함.","피보험자 측은 경위, 증상, 검사결과, 치료 경과, 의사 소견을 통해 쟁점별 반박이 가능함.;질병명 또는 비용 항목명만으로 결론 내리지 말고 약관 문언과 의무기록의 구체 내용을 함께 확인해야 함.;이 플레이북은 검색 보조 자료이며 최종 문서의 공식 인용 근거로 사용하면 안 됨.","보험약관;진단서;병리보고서;영상검사 결과;혈액검사 결과;입퇴원확인서;보험사 부지급 안내문","제자리암;진단비;확정진단;약관분류;검사결과;보험금;부지급;암 / 뇌 / 심장 진단비;진단비 심사;진단확정 / 약관 분류","terms_standards;medical_knowledge;fss_dispute_cases;legal_statutes","공식 판례, 분쟁조정례, 약관조항이 아니라 검색 보조용 내부 플레이북이다. 최종 판단에는 실제 법령, 약관, 분쟁조정례, 진료기록 확인이 필요하다.","issue_playbooks","internal_issue_playbook","internal_playbook","needs_human_review"
"PIP080","암 / 뇌 / 심장 진단비","진단비 심사","진단확정 / 약관 분류","원발암과 전이암 구분","원발암과 전이암 구분 사안에서 보험사가 약관상 요건, 의학적 필요성, 진단확정, 고지의무 또는 장해평가를 다투는 실무형 검색 보조 시나리오.","보험사는 약관 문언, 청약서 질문사항, 검사결과, 진료기록 또는 장해평가 기준을 근거로 제한 지급 또는 부지급을 주장할 수 있음.;내부 심사 기준과 공식 약관상 요건을 구분해 실제 근거 자료를 확인해야 함.","피보험자 측은 경위, 증상, 검사결과, 치료 경과, 의사 소견을 통해 쟁점별 반박이 가능함.;질병명 또는 비용 항목명만으로 결론 내리지 말고 약관 문언과 의무기록의 구체 내용을 함께 확인해야 함.;이 플레이북은 검색 보조 자료이며 최종 문서의 공식 인용 근거로 사용하면 안 됨.","보험약관;진단서;병리보고서;영상검사 결과;혈액검사 결과;입퇴원확인서;보험사 부지급 안내문","원발암과;진단비;확정진단;약관분류;검사결과;보험금;부지급;암 / 뇌 / 심장 진단비;진단비 심사;진단확정 / 약관 분류","terms_standards;medical_knowledge;fss_dispute_cases;legal_statutes","공식 판례, 분쟁조정례, 약관조항이 아니라 검색 보조용 내부 플레이북이다. 최종 판단에는 실제 법령, 약관, 분쟁조정례, 진료기록 확인이 필요하다.","issue_playbooks","internal_issue_playbook","internal_playbook","needs_human_review"
"PIP081","암 / 뇌 / 심장 진단비","진단비 심사","진단확정 / 약관 분류","미세침흡인검사 암진단 인정 여부","미세침흡인검사 암진단 인정 여부 사안에서 보험사가 약관상 요건, 의학적 필요성, 진단확정, 고지의무 또는 장해평가를 다투는 실무형 검색 보조 시나리오.","보험사는 약관 문언, 청약서 질문사항, 검사결과, 진료기록 또는 장해평가 기준을 근거로 제한 지급 또는 부지급을 주장할 수 있음.;내부 심사 기준과 공식 약관상 요건을 구분해 실제 근거 자료를 확인해야 함.","피보험자 측은 경위, 증상, 검사결과, 치료 경과, 의사 소견을 통해 쟁점별 반박이 가능함.;질병명 또는 비용 항목명만으로 결론 내리지 말고 약관 문언과 의무기록의 구체 내용을 함께 확인해야 함.;이 플레이북은 검색 보조 자료이며 최종 문서의 공식 인용 근거로 사용하면 안 됨.","보험약관;진단서;병리보고서;영상검사 결과;혈액검사 결과;입퇴원확인서;보험사 부지급 안내문","미세침흡인검사;진단비;확정진단;약관분류;검사결과;보험금;부지급;암 / 뇌 / 심장 진단비;진단비 심사;진단확정 / 약관 분류","terms_standards;medical_knowledge;fss_dispute_cases;legal_statutes","공식 판례, 분쟁조정례, 약관조항이 아니라 검색 보조용 내부 플레이북이다. 최종 판단에는 실제 법령, 약관, 분쟁조정례, 진료기록 확인이 필요하다.","issue_playbooks","internal_issue_playbook","internal_playbook","needs_human_review"
"PIP082","암 / 뇌 / 심장 진단비","진단비 심사","진단확정 / 약관 분류","조직검사 전 암진단비","조직검사 전 암진단비 사안에서 보험사가 약관상 요건, 의학적 필요성, 진단확정, 고지의무 또는 장해평가를 다투는 실무형 검색 보조 시나리오.","보험사는 약관 문언, 청약서 질문사항, 검사결과, 진료기록 또는 장해평가 기준을 근거로 제한 지급 또는 부지급을 주장할 수 있음.;내부 심사 기준과 공식 약관상 요건을 구분해 실제 근거 자료를 확인해야 함.","피보험자 측은 경위, 증상, 검사결과, 치료 경과, 의사 소견을 통해 쟁점별 반박이 가능함.;질병명 또는 비용 항목명만으로 결론 내리지 말고 약관 문언과 의무기록의 구체 내용을 함께 확인해야 함.;이 플레이북은 검색 보조 자료이며 최종 문서의 공식 인용 근거로 사용하면 안 됨.","보험약관;진단서;병리보고서;영상검사 결과;혈액검사 결과;입퇴원확인서;보험사 부지급 안내문","조직검사;진단비;확정진단;약관분류;검사결과;보험금;부지급;암 / 뇌 / 심장 진단비;진단비 심사;진단확정 / 약관 분류","terms_standards;medical_knowledge;fss_dispute_cases;legal_statutes","공식 판례, 분쟁조정례, 약관조항이 아니라 검색 보조용 내부 플레이북이다. 최종 판단에는 실제 법령, 약관, 분쟁조정례, 진료기록 확인이 필요하다.","issue_playbooks","internal_issue_playbook","internal_playbook","needs_human_review"
"PIP083","암 / 뇌 / 심장 진단비","진단비 심사","진단확정 / 약관 분류","급성심근경색 진단비","급성심근경색 진단비 사안에서 보험사가 약관상 요건, 의학적 필요성, 진단확정, 고지의무 또는 장해평가를 다투는 실무형 검색 보조 시나리오.","보험사는 약관 문언, 청약서 질문사항, 검사결과, 진료기록 또는 장해평가 기준을 근거로 제한 지급 또는 부지급을 주장할 수 있음.;내부 심사 기준과 공식 약관상 요건을 구분해 실제 근거 자료를 확인해야 함.","피보험자 측은 경위, 증상, 검사결과, 치료 경과, 의사 소견을 통해 쟁점별 반박이 가능함.;질병명 또는 비용 항목명만으로 결론 내리지 말고 약관 문언과 의무기록의 구체 내용을 함께 확인해야 함.;이 플레이북은 검색 보조 자료이며 최종 문서의 공식 인용 근거로 사용하면 안 됨.","보험약관;진단서;병리보고서;영상검사 결과;혈액검사 결과;입퇴원확인서;보험사 부지급 안내문","급성심근경색;진단비;확정진단;약관분류;검사결과;보험금;부지급;암 / 뇌 / 심장 진단비;진단비 심사;진단확정 / 약관 분류","terms_standards;medical_knowledge;fss_dispute_cases;legal_statutes","공식 판례, 분쟁조정례, 약관조항이 아니라 검색 보조용 내부 플레이북이다. 최종 판단에는 실제 법령, 약관, 분쟁조정례, 진료기록 확인이 필요하다.","issue_playbooks","internal_issue_playbook","internal_playbook","needs_human_review"
"PIP084","암 / 뇌 / 심장 진단비","진단비 심사","진단확정 / 약관 분류","협심증과 급성심근경색 구분","협심증과 급성심근경색 구분 사안에서 보험사가 약관상 요건, 의학적 필요성, 진단확정, 고지의무 또는 장해평가를 다투는 실무형 검색 보조 시나리오.","보험사는 약관 문언, 청약서 질문사항, 검사결과, 진료기록 또는 장해평가 기준을 근거로 제한 지급 또는 부지급을 주장할 수 있음.;내부 심사 기준과 공식 약관상 요건을 구분해 실제 근거 자료를 확인해야 함.","피보험자 측은 경위, 증상, 검사결과, 치료 경과, 의사 소견을 통해 쟁점별 반박이 가능함.;질병명 또는 비용 항목명만으로 결론 내리지 말고 약관 문언과 의무기록의 구체 내용을 함께 확인해야 함.;이 플레이북은 검색 보조 자료이며 최종 문서의 공식 인용 근거로 사용하면 안 됨.","보험약관;진단서;병리보고서;영상검사 결과;혈액검사 결과;입퇴원확인서;보험사 부지급 안내문","협심증과;진단비;확정진단;약관분류;검사결과;보험금;부지급;암 / 뇌 / 심장 진단비;진단비 심사;진단확정 / 약관 분류","terms_standards;medical_knowledge;fss_dispute_cases;legal_statutes","공식 판례, 분쟁조정례, 약관조항이 아니라 검색 보조용 내부 플레이북이다. 최종 판단에는 실제 법령, 약관, 분쟁조정례, 진료기록 확인이 필요하다.","issue_playbooks","internal_issue_playbook","internal_playbook","needs_human_review"
"PIP085","암 / 뇌 / 심장 진단비","진단비 심사","진단확정 / 약관 분류","트로포닌 심전도 관상동맥조영술 쟁점","트로포닌 심전도 관상동맥조영술 쟁점 사안에서 보험사가 약관상 요건, 의학적 필요성, 진단확정, 고지의무 또는 장해평가를 다투는 실무형 검색 보조 시나리오.","보험사는 약관 문언, 청약서 질문사항, 검사결과, 진료기록 또는 장해평가 기준을 근거로 제한 지급 또는 부지급을 주장할 수 있음.;내부 심사 기준과 공식 약관상 요건을 구분해 실제 근거 자료를 확인해야 함.","피보험자 측은 경위, 증상, 검사결과, 치료 경과, 의사 소견을 통해 쟁점별 반박이 가능함.;질병명 또는 비용 항목명만으로 결론 내리지 말고 약관 문언과 의무기록의 구체 내용을 함께 확인해야 함.;이 플레이북은 검색 보조 자료이며 최종 문서의 공식 인용 근거로 사용하면 안 됨.","보험약관;진단서;병리보고서;영상검사 결과;혈액검사 결과;입퇴원확인서;보험사 부지급 안내문","트로포닌;진단비;확정진단;약관분류;검사결과;보험금;부지급;암 / 뇌 / 심장 진단비;진단비 심사;진단확정 / 약관 분류","terms_standards;medical_knowledge;fss_dispute_cases;legal_statutes","공식 판례, 분쟁조정례, 약관조항이 아니라 검색 보조용 내부 플레이북이다. 최종 판단에는 실제 법령, 약관, 분쟁조정례, 진료기록 확인이 필요하다.","issue_playbooks","internal_issue_playbook","internal_playbook","needs_human_review"
"PIP086","암 / 뇌 / 심장 진단비","진단비 심사","진단확정 / 약관 분류","뇌경색 진단비","뇌경색 진단비 사안에서 보험사가 약관상 요건, 의학적 필요성, 진단확정, 고지의무 또는 장해평가를 다투는 실무형 검색 보조 시나리오.","보험사는 약관 문언, 청약서 질문사항, 검사결과, 진료기록 또는 장해평가 기준을 근거로 제한 지급 또는 부지급을 주장할 수 있음.;내부 심사 기준과 공식 약관상 요건을 구분해 실제 근거 자료를 확인해야 함.","피보험자 측은 경위, 증상, 검사결과, 치료 경과, 의사 소견을 통해 쟁점별 반박이 가능함.;질병명 또는 비용 항목명만으로 결론 내리지 말고 약관 문언과 의무기록의 구체 내용을 함께 확인해야 함.;이 플레이북은 검색 보조 자료이며 최종 문서의 공식 인용 근거로 사용하면 안 됨.","보험약관;진단서;병리보고서;영상검사 결과;혈액검사 결과;입퇴원확인서;보험사 부지급 안내문","뇌경색;진단비;확정진단;약관분류;검사결과;보험금;부지급;암 / 뇌 / 심장 진단비;진단비 심사;진단확정 / 약관 분류","terms_standards;medical_knowledge;fss_dispute_cases;legal_statutes","공식 판례, 분쟁조정례, 약관조항이 아니라 검색 보조용 내부 플레이북이다. 최종 판단에는 실제 법령, 약관, 분쟁조정례, 진료기록 확인이 필요하다.","issue_playbooks","internal_issue_playbook","internal_playbook","needs_human_review"
"PIP087","암 / 뇌 / 심장 진단비","진단비 심사","진단확정 / 약관 분류","무증상 뇌경색","무증상 뇌경색 사안에서 보험사가 약관상 요건, 의학적 필요성, 진단확정, 고지의무 또는 장해평가를 다투는 실무형 검색 보조 시나리오.","보험사는 약관 문언, 청약서 질문사항, 검사결과, 진료기록 또는 장해평가 기준을 근거로 제한 지급 또는 부지급을 주장할 수 있음.;내부 심사 기준과 공식 약관상 요건을 구분해 실제 근거 자료를 확인해야 함.","피보험자 측은 경위, 증상, 검사결과, 치료 경과, 의사 소견을 통해 쟁점별 반박이 가능함.;질병명 또는 비용 항목명만으로 결론 내리지 말고 약관 문언과 의무기록의 구체 내용을 함께 확인해야 함.;이 플레이북은 검색 보조 자료이며 최종 문서의 공식 인용 근거로 사용하면 안 됨.","보험약관;진단서;병리보고서;영상검사 결과;혈액검사 결과;입퇴원확인서;보험사 부지급 안내문","무증상;진단비;확정진단;약관분류;검사결과;보험금;부지급;암 / 뇌 / 심장 진단비;진단비 심사;진단확정 / 약관 분류","terms_standards;medical_knowledge;fss_dispute_cases;legal_statutes","공식 판례, 분쟁조정례, 약관조항이 아니라 검색 보조용 내부 플레이북이다. 최종 판단에는 실제 법령, 약관, 분쟁조정례, 진료기록 확인이 필요하다.","issue_playbooks","internal_issue_playbook","internal_playbook","needs_human_review"
"PIP088","암 / 뇌 / 심장 진단비","진단비 심사","진단확정 / 약관 분류","뇌출혈 진단비","뇌출혈 진단비 사안에서 보험사가 약관상 요건, 의학적 필요성, 진단확정, 고지의무 또는 장해평가를 다투는 실무형 검색 보조 시나리오.","보험사는 약관 문언, 청약서 질문사항, 검사결과, 진료기록 또는 장해평가 기준을 근거로 제한 지급 또는 부지급을 주장할 수 있음.;내부 심사 기준과 공식 약관상 요건을 구분해 실제 근거 자료를 확인해야 함.","피보험자 측은 경위, 증상, 검사결과, 치료 경과, 의사 소견을 통해 쟁점별 반박이 가능함.;질병명 또는 비용 항목명만으로 결론 내리지 말고 약관 문언과 의무기록의 구체 내용을 함께 확인해야 함.;이 플레이북은 검색 보조 자료이며 최종 문서의 공식 인용 근거로 사용하면 안 됨.","보험약관;진단서;병리보고서;영상검사 결과;혈액검사 결과;입퇴원확인서;보험사 부지급 안내문","뇌출혈;진단비;확정진단;약관분류;검사결과;보험금;부지급;암 / 뇌 / 심장 진단비;진단비 심사;진단확정 / 약관 분류","terms_standards;medical_knowledge;fss_dispute_cases;legal_statutes","공식 판례, 분쟁조정례, 약관조항이 아니라 검색 보조용 내부 플레이북이다. 최종 판단에는 실제 법령, 약관, 분쟁조정례, 진료기록 확인이 필요하다.","issue_playbooks","internal_issue_playbook","internal_playbook","needs_human_review"
"PIP089","암 / 뇌 / 심장 진단비","진단비 심사","진단확정 / 약관 분류","심낭삼출과 심장질환 청구","심낭삼출과 심장질환 청구 사안에서 보험사가 약관상 요건, 의학적 필요성, 진단확정, 고지의무 또는 장해평가를 다투는 실무형 검색 보조 시나리오.","보험사는 약관 문언, 청약서 질문사항, 검사결과, 진료기록 또는 장해평가 기준을 근거로 제한 지급 또는 부지급을 주장할 수 있음.;내부 심사 기준과 공식 약관상 요건을 구분해 실제 근거 자료를 확인해야 함.","피보험자 측은 경위, 증상, 검사결과, 치료 경과, 의사 소견을 통해 쟁점별 반박이 가능함.;질병명 또는 비용 항목명만으로 결론 내리지 말고 약관 문언과 의무기록의 구체 내용을 함께 확인해야 함.;이 플레이북은 검색 보조 자료이며 최종 문서의 공식 인용 근거로 사용하면 안 됨.","보험약관;진단서;병리보고서;영상검사 결과;혈액검사 결과;입퇴원확인서;보험사 부지급 안내문","심낭삼출과;진단비;확정진단;약관분류;검사결과;보험금;부지급;암 / 뇌 / 심장 진단비;진단비 심사;진단확정 / 약관 분류","terms_standards;medical_knowledge;fss_dispute_cases;legal_statutes","공식 판례, 분쟁조정례, 약관조항이 아니라 검색 보조용 내부 플레이북이다. 최종 판단에는 실제 법령, 약관, 분쟁조정례, 진료기록 확인이 필요하다.","issue_playbooks","internal_issue_playbook","internal_playbook","needs_human_review"
"PIP090","암 / 뇌 / 심장 진단비","진단비 심사","진단확정 / 약관 분류","대장점막내암 진단비","대장점막내암 진단비 사안에서 보험사가 약관상 요건, 의학적 필요성, 진단확정, 고지의무 또는 장해평가를 다투는 실무형 검색 보조 시나리오.","보험사는 약관 문언, 청약서 질문사항, 검사결과, 진료기록 또는 장해평가 기준을 근거로 제한 지급 또는 부지급을 주장할 수 있음.;내부 심사 기준과 공식 약관상 요건을 구분해 실제 근거 자료를 확인해야 함.","피보험자 측은 경위, 증상, 검사결과, 치료 경과, 의사 소견을 통해 쟁점별 반박이 가능함.;질병명 또는 비용 항목명만으로 결론 내리지 말고 약관 문언과 의무기록의 구체 내용을 함께 확인해야 함.;이 플레이북은 검색 보조 자료이며 최종 문서의 공식 인용 근거로 사용하면 안 됨.","보험약관;진단서;병리보고서;영상검사 결과;혈액검사 결과;입퇴원확인서;보험사 부지급 안내문","대장점막내암;진단비;확정진단;약관분류;검사결과;보험금;부지급;암 / 뇌 / 심장 진단비;진단비 심사;진단확정 / 약관 분류","terms_standards;medical_knowledge;fss_dispute_cases;legal_statutes","공식 판례, 분쟁조정례, 약관조항이 아니라 검색 보조용 내부 플레이북이다. 최종 판단에는 실제 법령, 약관, 분쟁조정례, 진료기록 확인이 필요하다.","issue_playbooks","internal_issue_playbook","internal_playbook","needs_human_review"
"PIP091","암 / 뇌 / 심장 진단비","진단비 심사","진단확정 / 약관 분류","일과성 허혈발작과 뇌경색 구분","일과성 허혈발작과 뇌경색 구분 사안에서 보험사가 약관상 요건, 의학적 필요성, 진단확정, 고지의무 또는 장해평가를 다투는 실무형 검색 보조 시나리오.","보험사는 약관 문언, 청약서 질문사항, 검사결과, 진료기록 또는 장해평가 기준을 근거로 제한 지급 또는 부지급을 주장할 수 있음.;내부 심사 기준과 공식 약관상 요건을 구분해 실제 근거 자료를 확인해야 함.","피보험자 측은 경위, 증상, 검사결과, 치료 경과, 의사 소견을 통해 쟁점별 반박이 가능함.;질병명 또는 비용 항목명만으로 결론 내리지 말고 약관 문언과 의무기록의 구체 내용을 함께 확인해야 함.;이 플레이북은 검색 보조 자료이며 최종 문서의 공식 인용 근거로 사용하면 안 됨.","보험약관;진단서;병리보고서;영상검사 결과;혈액검사 결과;입퇴원확인서;보험사 부지급 안내문","일과성;진단비;확정진단;약관분류;검사결과;보험금;부지급;암 / 뇌 / 심장 진단비;진단비 심사;진단확정 / 약관 분류","terms_standards;medical_knowledge;fss_dispute_cases;legal_statutes","공식 판례, 분쟁조정례, 약관조항이 아니라 검색 보조용 내부 플레이북이다. 최종 판단에는 실제 법령, 약관, 분쟁조정례, 진료기록 확인이 필요하다.","issue_playbooks","internal_issue_playbook","internal_playbook","needs_human_review"
"PIP092","암 / 뇌 / 심장 진단비","진단비 심사","진단확정 / 약관 분류","트로포닌 경미 상승 진단비","트로포닌 경미 상승 진단비 사안에서 보험사가 약관상 요건, 의학적 필요성, 진단확정, 고지의무 또는 장해평가를 다투는 실무형 검색 보조 시나리오.","보험사는 약관 문언, 청약서 질문사항, 검사결과, 진료기록 또는 장해평가 기준을 근거로 제한 지급 또는 부지급을 주장할 수 있음.;내부 심사 기준과 공식 약관상 요건을 구분해 실제 근거 자료를 확인해야 함.","피보험자 측은 경위, 증상, 검사결과, 치료 경과, 의사 소견을 통해 쟁점별 반박이 가능함.;질병명 또는 비용 항목명만으로 결론 내리지 말고 약관 문언과 의무기록의 구체 내용을 함께 확인해야 함.;이 플레이북은 검색 보조 자료이며 최종 문서의 공식 인용 근거로 사용하면 안 됨.","보험약관;진단서;병리보고서;영상검사 결과;혈액검사 결과;입퇴원확인서;보험사 부지급 안내문","트로포닌;진단비;확정진단;약관분류;검사결과;보험금;부지급;암 / 뇌 / 심장 진단비;진단비 심사;진단확정 / 약관 분류","terms_standards;medical_knowledge;fss_dispute_cases;legal_statutes","공식 판례, 분쟁조정례, 약관조항이 아니라 검색 보조용 내부 플레이북이다. 최종 판단에는 실제 법령, 약관, 분쟁조정례, 진료기록 확인이 필요하다.","issue_playbooks","internal_issue_playbook","internal_playbook","needs_human_review"
"PIP093","암 / 뇌 / 심장 진단비","진단비 심사","진단확정 / 약관 분류","대장용종 고도이형성 진단비","대장용종 고도이형성 진단비 사안에서 보험사가 약관상 요건, 의학적 필요성, 진단확정, 고지의무 또는 장해평가를 다투는 실무형 검색 보조 시나리오.","보험사는 약관 문언, 청약서 질문사항, 검사결과, 진료기록 또는 장해평가 기준을 근거로 제한 지급 또는 부지급을 주장할 수 있음.;내부 심사 기준과 공식 약관상 요건을 구분해 실제 근거 자료를 확인해야 함.","피보험자 측은 경위, 증상, 검사결과, 치료 경과, 의사 소견을 통해 쟁점별 반박이 가능함.;질병명 또는 비용 항목명만으로 결론 내리지 말고 약관 문언과 의무기록의 구체 내용을 함께 확인해야 함.;이 플레이북은 검색 보조 자료이며 최종 문서의 공식 인용 근거로 사용하면 안 됨.","보험약관;진단서;병리보고서;영상검사 결과;혈액검사 결과;입퇴원확인서;보험사 부지급 안내문","대장용종;진단비;확정진단;약관분류;검사결과;보험금;부지급;암 / 뇌 / 심장 진단비;진단비 심사;진단확정 / 약관 분류","terms_standards;medical_knowledge;fss_dispute_cases;legal_statutes","공식 판례, 분쟁조정례, 약관조항이 아니라 검색 보조용 내부 플레이북이다. 최종 판단에는 실제 법령, 약관, 분쟁조정례, 진료기록 확인이 필요하다.","issue_playbooks","internal_issue_playbook","internal_playbook","needs_human_review"
"PIP094","암 / 뇌 / 심장 진단비","진단비 심사","진단확정 / 약관 분류","림프종 의심 항암치료와 진단확정","림프종 의심 항암치료와 진단확정 사안에서 보험사가 약관상 요건, 의학적 필요성, 진단확정, 고지의무 또는 장해평가를 다투는 실무형 검색 보조 시나리오.","보험사는 약관 문언, 청약서 질문사항, 검사결과, 진료기록 또는 장해평가 기준을 근거로 제한 지급 또는 부지급을 주장할 수 있음.;내부 심사 기준과 공식 약관상 요건을 구분해 실제 근거 자료를 확인해야 함.","피보험자 측은 경위, 증상, 검사결과, 치료 경과, 의사 소견을 통해 쟁점별 반박이 가능함.;질병명 또는 비용 항목명만으로 결론 내리지 말고 약관 문언과 의무기록의 구체 내용을 함께 확인해야 함.;이 플레이북은 검색 보조 자료이며 최종 문서의 공식 인용 근거로 사용하면 안 됨.","보험약관;진단서;병리보고서;영상검사 결과;혈액검사 결과;입퇴원확인서;보험사 부지급 안내문","림프종;진단비;확정진단;약관분류;검사결과;보험금;부지급;암 / 뇌 / 심장 진단비;진단비 심사;진단확정 / 약관 분류","terms_standards;medical_knowledge;fss_dispute_cases;legal_statutes","공식 판례, 분쟁조정례, 약관조항이 아니라 검색 보조용 내부 플레이북이다. 최종 판단에는 실제 법령, 약관, 분쟁조정례, 진료기록 확인이 필요하다.","issue_playbooks","internal_issue_playbook","internal_playbook","needs_human_review"
"PIP095","암 / 뇌 / 심장 진단비","진단비 심사","진단확정 / 약관 분류","소뇌경색 어지럼 진단비","소뇌경색 어지럼 진단비 사안에서 보험사가 약관상 요건, 의학적 필요성, 진단확정, 고지의무 또는 장해평가를 다투는 실무형 검색 보조 시나리오.","보험사는 약관 문언, 청약서 질문사항, 검사결과, 진료기록 또는 장해평가 기준을 근거로 제한 지급 또는 부지급을 주장할 수 있음.;내부 심사 기준과 공식 약관상 요건을 구분해 실제 근거 자료를 확인해야 함.","피보험자 측은 경위, 증상, 검사결과, 치료 경과, 의사 소견을 통해 쟁점별 반박이 가능함.;질병명 또는 비용 항목명만으로 결론 내리지 말고 약관 문언과 의무기록의 구체 내용을 함께 확인해야 함.;이 플레이북은 검색 보조 자료이며 최종 문서의 공식 인용 근거로 사용하면 안 됨.","보험약관;진단서;병리보고서;영상검사 결과;혈액검사 결과;입퇴원확인서;보험사 부지급 안내문","소뇌경색;진단비;확정진단;약관분류;검사결과;보험금;부지급;암 / 뇌 / 심장 진단비;진단비 심사;진단확정 / 약관 분류","terms_standards;medical_knowledge;fss_dispute_cases;legal_statutes","공식 판례, 분쟁조정례, 약관조항이 아니라 검색 보조용 내부 플레이북이다. 최종 판단에는 실제 법령, 약관, 분쟁조정례, 진료기록 확인이 필요하다.","issue_playbooks","internal_issue_playbook","internal_playbook","needs_human_review"
"PIP096","암 / 뇌 / 심장 진단비","진단비 심사","진단확정 / 약관 분류","책임개시일 전 암 의심소견","책임개시일 전 암 의심소견 사안에서 보험사가 약관상 요건, 의학적 필요성, 진단확정, 고지의무 또는 장해평가를 다투는 실무형 검색 보조 시나리오.","보험사는 약관 문언, 청약서 질문사항, 검사결과, 진료기록 또는 장해평가 기준을 근거로 제한 지급 또는 부지급을 주장할 수 있음.;내부 심사 기준과 공식 약관상 요건을 구분해 실제 근거 자료를 확인해야 함.","피보험자 측은 경위, 증상, 검사결과, 치료 경과, 의사 소견을 통해 쟁점별 반박이 가능함.;질병명 또는 비용 항목명만으로 결론 내리지 말고 약관 문언과 의무기록의 구체 내용을 함께 확인해야 함.;이 플레이북은 검색 보조 자료이며 최종 문서의 공식 인용 근거로 사용하면 안 됨.","보험약관;진단서;병리보고서;영상검사 결과;혈액검사 결과;입퇴원확인서;보험사 부지급 안내문","책임개시일;진단비;확정진단;약관분류;검사결과;보험금;부지급;암 / 뇌 / 심장 진단비;진단비 심사;진단확정 / 약관 분류","terms_standards;medical_knowledge;fss_dispute_cases;legal_statutes","공식 판례, 분쟁조정례, 약관조항이 아니라 검색 보조용 내부 플레이북이다. 최종 판단에는 실제 법령, 약관, 분쟁조정례, 진료기록 확인이 필요하다.","issue_playbooks","internal_issue_playbook","internal_playbook","needs_human_review"
"PIP097","암 / 뇌 / 심장 진단비","진단비 심사","진단확정 / 약관 분류","스텐트 시술과 진단비 구분","스텐트 시술과 진단비 구분 사안에서 보험사가 약관상 요건, 의학적 필요성, 진단확정, 고지의무 또는 장해평가를 다투는 실무형 검색 보조 시나리오.","보험사는 약관 문언, 청약서 질문사항, 검사결과, 진료기록 또는 장해평가 기준을 근거로 제한 지급 또는 부지급을 주장할 수 있음.;내부 심사 기준과 공식 약관상 요건을 구분해 실제 근거 자료를 확인해야 함.","피보험자 측은 경위, 증상, 검사결과, 치료 경과, 의사 소견을 통해 쟁점별 반박이 가능함.;질병명 또는 비용 항목명만으로 결론 내리지 말고 약관 문언과 의무기록의 구체 내용을 함께 확인해야 함.;이 플레이북은 검색 보조 자료이며 최종 문서의 공식 인용 근거로 사용하면 안 됨.","보험약관;진단서;병리보고서;영상검사 결과;혈액검사 결과;입퇴원확인서;보험사 부지급 안내문","스텐트;진단비;확정진단;약관분류;검사결과;보험금;부지급;암 / 뇌 / 심장 진단비;진단비 심사;진단확정 / 약관 분류","terms_standards;medical_knowledge;fss_dispute_cases;legal_statutes","공식 판례, 분쟁조정례, 약관조항이 아니라 검색 보조용 내부 플레이북이다. 최종 판단에는 실제 법령, 약관, 분쟁조정례, 진료기록 확인이 필요하다.","issue_playbooks","internal_issue_playbook","internal_playbook","needs_human_review"
"PIP098","암 / 뇌 / 심장 진단비","진단비 심사","진단확정 / 약관 분류","유사암 이후 전이 추가지급","유사암 이후 전이 추가지급 사안에서 보험사가 약관상 요건, 의학적 필요성, 진단확정, 고지의무 또는 장해평가를 다투는 실무형 검색 보조 시나리오.","보험사는 약관 문언, 청약서 질문사항, 검사결과, 진료기록 또는 장해평가 기준을 근거로 제한 지급 또는 부지급을 주장할 수 있음.;내부 심사 기준과 공식 약관상 요건을 구분해 실제 근거 자료를 확인해야 함.","피보험자 측은 경위, 증상, 검사결과, 치료 경과, 의사 소견을 통해 쟁점별 반박이 가능함.;질병명 또는 비용 항목명만으로 결론 내리지 말고 약관 문언과 의무기록의 구체 내용을 함께 확인해야 함.;이 플레이북은 검색 보조 자료이며 최종 문서의 공식 인용 근거로 사용하면 안 됨.","보험약관;진단서;병리보고서;영상검사 결과;혈액검사 결과;입퇴원확인서;보험사 부지급 안내문","유사암;진단비;확정진단;약관분류;검사결과;보험금;부지급;암 / 뇌 / 심장 진단비;진단비 심사;진단확정 / 약관 분류","terms_standards;medical_knowledge;fss_dispute_cases;legal_statutes","공식 판례, 분쟁조정례, 약관조항이 아니라 검색 보조용 내부 플레이북이다. 최종 판단에는 실제 법령, 약관, 분쟁조정례, 진료기록 확인이 필요하다.","issue_playbooks","internal_issue_playbook","internal_playbook","needs_human_review"
"PIP099","암 / 뇌 / 심장 진단비","진단비 심사","진단확정 / 약관 분류","열공성 뇌경색 진단비","열공성 뇌경색 진단비 사안에서 보험사가 약관상 요건, 의학적 필요성, 진단확정, 고지의무 또는 장해평가를 다투는 실무형 검색 보조 시나리오.","보험사는 약관 문언, 청약서 질문사항, 검사결과, 진료기록 또는 장해평가 기준을 근거로 제한 지급 또는 부지급을 주장할 수 있음.;내부 심사 기준과 공식 약관상 요건을 구분해 실제 근거 자료를 확인해야 함.","피보험자 측은 경위, 증상, 검사결과, 치료 경과, 의사 소견을 통해 쟁점별 반박이 가능함.;질병명 또는 비용 항목명만으로 결론 내리지 말고 약관 문언과 의무기록의 구체 내용을 함께 확인해야 함.;이 플레이북은 검색 보조 자료이며 최종 문서의 공식 인용 근거로 사용하면 안 됨.","보험약관;진단서;병리보고서;영상검사 결과;혈액검사 결과;입퇴원확인서;보험사 부지급 안내문","열공성;진단비;확정진단;약관분류;검사결과;보험금;부지급;암 / 뇌 / 심장 진단비;진단비 심사;진단확정 / 약관 분류","terms_standards;medical_knowledge;fss_dispute_cases;legal_statutes","공식 판례, 분쟁조정례, 약관조항이 아니라 검색 보조용 내부 플레이북이다. 최종 판단에는 실제 법령, 약관, 분쟁조정례, 진료기록 확인이 필요하다.","issue_playbooks","internal_issue_playbook","internal_playbook","needs_human_review"
"PIP100","암 / 뇌 / 심장 진단비","진단비 심사","진단확정 / 약관 분류","심부전과 급성심근경색 구분","심부전과 급성심근경색 구분 사안에서 보험사가 약관상 요건, 의학적 필요성, 진단확정, 고지의무 또는 장해평가를 다투는 실무형 검색 보조 시나리오.","보험사는 약관 문언, 청약서 질문사항, 검사결과, 진료기록 또는 장해평가 기준을 근거로 제한 지급 또는 부지급을 주장할 수 있음.;내부 심사 기준과 공식 약관상 요건을 구분해 실제 근거 자료를 확인해야 함.","피보험자 측은 경위, 증상, 검사결과, 치료 경과, 의사 소견을 통해 쟁점별 반박이 가능함.;질병명 또는 비용 항목명만으로 결론 내리지 말고 약관 문언과 의무기록의 구체 내용을 함께 확인해야 함.;이 플레이북은 검색 보조 자료이며 최종 문서의 공식 인용 근거로 사용하면 안 됨.","보험약관;진단서;병리보고서;영상검사 결과;혈액검사 결과;입퇴원확인서;보험사 부지급 안내문","심부전과;진단비;확정진단;약관분류;검사결과;보험금;부지급;암 / 뇌 / 심장 진단비;진단비 심사;진단확정 / 약관 분류","terms_standards;medical_knowledge;fss_dispute_cases;legal_statutes","공식 판례, 분쟁조정례, 약관조항이 아니라 검색 보조용 내부 플레이북이다. 최종 판단에는 실제 법령, 약관, 분쟁조정례, 진료기록 확인이 필요하다.","issue_playbooks","internal_issue_playbook","internal_playbook","needs_human_review"
