id,fss_category,insurance_type,coverage_type,title,source_url,source_status,fetch_status,fetched_at,notes
"FSS_LATEST_001","FSS latest 75 title seed","생명보험","사망/연금","연금보험 만기보험금","https://www.insclaim.co.kr/34?np=1","official_fss_full_text","full_text_extracted","2026-05-04T15:42:35.324Z","Full text extracted from source_url"
"FSS_LATEST_002","FSS latest 75 title seed","생명보험","사망/연금","연금보험 배당금","https://www.insclaim.co.kr/34?np=1","official_fss_full_text","full_text_extracted","2026-05-04T15:42:35.877Z","Full text extracted from source_url"
"FSS_LATEST_003","FSS latest 75 title seed","생명보험","사망/연금","자살보험금 납입보험료 환급","https://www.insclaim.co.kr/34?np=1","official_fss_full_text","full_text_extracted","2026-05-04T15:42:36.438Z","Full text extracted from source_url"
"FSS_LATEST_004","FSS latest 75 title seed","질병·상해·간병보험","후유장해/진단/입원/수술/고지통지","교통사고 후유장해보험금","https://www.insclaim.co.kr/34?np=1","official_fss_full_text","full_text_extracted","2026-05-04T15:42:36.997Z","Full text extracted from source_url"
"FSS_LATEST_005","FSS latest 75 title seed","질병·상해·간병보험","후유장해/진단/입원/수술/고지통지","추간판탈출증 후유장해보험금","https://www.insclaim.co.kr/34?np=1","official_fss_full_text","full_text_extracted","2026-05-04T15:42:37.588Z","Full text extracted from source_url"
"FSS_LATEST_006","FSS latest 75 title seed","질병·상해·간병보험","후유장해/진단/입원/수술/고지통지","농작업중 재해 보험금","https://www.insclaim.co.kr/34?np=1","official_fss_full_text","full_text_extracted","2026-05-04T15:42:38.347Z","Full text extracted from source_url"
"FSS_LATEST_007","FSS latest 75 title seed","질병·상해·간병보험","후유장해/진단/입원/수술/고지통지","경계성종양 암진단보험금","https://www.insclaim.co.kr/34?np=1","official_fss_full_text","full_text_extracted","2026-05-04T15:42:38.900Z","Full text extracted from source_url"
"FSS_LATEST_008","FSS latest 75 title seed","질병·상해·간병보험","후유장해/진단/입원/수술/고지통지","퇴직후 단체보험 암진단보험금","https://www.insclaim.co.kr/34?np=1","official_fss_full_text","full_text_extracted","2026-05-04T15:42:39.798Z","Full text extracted from source_url"
"FSS_LATEST_009","FSS latest 75 title seed","질병·상해·간병보험","후유장해/진단/입원/수술/고지통지","코로나19 특정전염병 보험금","https://www.insclaim.co.kr/34?np=1","official_fss_full_text","full_text_extracted","2026-05-04T15:42:41.747Z","Full text extracted from source_url"
"FSS_LATEST_010","FSS latest 75 title seed","질병·상해·간병보험","후유장해/진단/입원/수술/고지통지","한방병원 암입원비","https://www.insclaim.co.kr/34?np=1","official_fss_full_text","full_text_extracted","2026-05-04T15:42:42.528Z","Full text extracted from source_url"
"FSS_LATEST_011","FSS latest 75 title seed","질병·상해·간병보험","후유장해/진단/입원/수술/고지통지","상해질병보험 재입원 입원보험금","https://www.insclaim.co.kr/34?np=1","official_fss_full_text","full_text_extracted","2026-05-04T15:42:43.298Z","Full text extracted from source_url"
"FSS_LATEST_012","FSS latest 75 title seed","질병·상해·간병보험","후유장해/진단/입원/수술/고지통지","안구건조증 수술비","https://www.insclaim.co.kr/34?np=1","official_fss_full_text","full_text_extracted","2026-05-04T15:42:44.118Z","Full text extracted from source_url"
"FSS_LATEST_013","FSS latest 75 title seed","질병·상해·간병보험","후유장해/진단/입원/수술/고지통지","관상동맥조영술 수술보험금","https://www.insclaim.co.kr/34?np=1","official_fss_full_text","full_text_extracted","2026-05-04T15:42:44.876Z","Full text extracted from source_url"
"FSS_LATEST_014","FSS latest 75 title seed","질병·상해·간병보험","후유장해/진단/입원/수술/고지통지","창상봉합술 수술보험금","https://www.insclaim.co.kr/34?np=1","official_fss_full_text","full_text_extracted","2026-05-04T15:42:45.617Z","Full text extracted from source_url"
"FSS_LATEST_015","FSS latest 75 title seed","질병·상해·간병보험","후유장해/진단/입원/수술/고지통지","양성종양 수술보험금","https://www.insclaim.co.kr/34?np=1","official_fss_full_text","full_text_extracted","2026-05-04T15:42:46.167Z","Full text extracted from source_url"
"FSS_LATEST_016","FSS latest 75 title seed","질병·상해·간병보험","후유장해/진단/입원/수술/고지통지","임플란트 치과치료비","https://www.insclaim.co.kr/34?np=2","official_fss_full_text","full_text_extracted","2026-05-04T15:42:46.686Z","Full text extracted from source_url"
"FSS_LATEST_017","FSS latest 75 title seed","질병·상해·간병보험","후유장해/진단/입원/수술/고지통지","보험가입 전 최초 진단 질병 치료목적 보험가입 후 수술","https://www.insclaim.co.kr/34?np=2","title_seed_needs_full_text","full_text_not_detected","2026-05-04T15:42:47.216Z","Fetched page did not expose verifiable FSS full text for this target"
"FSS_LATEST_018","FSS latest 75 title seed","질병·상해·간병보험","후유장해/진단/입원/수술/고지통지","고지의무 위반 해지 이후 표적항암치료비","https://www.insclaim.co.kr/34?np=2","title_seed_needs_full_text","full_text_not_detected","2026-05-04T15:42:47.736Z","Fetched page did not expose verifiable FSS full text for this target"
"FSS_LATEST_019","FSS latest 75 title seed","질병·상해·간병보험","후유장해/진단/입원/수술/고지통지","보험나이 80세 초과 여부","https://www.insclaim.co.kr/34?np=2","title_seed_needs_full_text","full_text_not_detected","2026-05-04T15:42:48.316Z","Fetched page did not expose verifiable FSS full text for this target"
"FSS_LATEST_020","FSS latest 75 title seed","질병·상해·간병보험","후유장해/진단/입원/수술/고지통지","설계사에게만 고지한 과거 치료사실","https://www.insclaim.co.kr/34?np=2","title_seed_needs_full_text","full_text_not_detected","2026-05-04T15:42:48.846Z","Fetched page did not expose verifiable FSS full text for this target"
"FSS_LATEST_021","FSS latest 75 title seed","질병·상해·간병보험","후유장해/진단/입원/수술/고지통지","투약처방과 실제 복용 여부","https://www.insclaim.co.kr/34?np=2","title_seed_needs_full_text","full_text_not_detected","2026-05-04T15:42:49.386Z","Fetched page did not expose verifiable FSS full text for this target"
"FSS_LATEST_022","FSS latest 75 title seed","질병·상해·간병보험","후유장해/진단/입원/수술/고지통지","직업변경 통지의무","https://www.insclaim.co.kr/34?np=2","title_seed_needs_full_text","full_text_not_detected","2026-05-04T15:42:49.966Z","Fetched page did not expose verifiable FSS full text for this target"
"FSS_LATEST_023","FSS latest 75 title seed","질병·상해·간병보험","후유장해/진단/입원/수술/고지통지","수술 중 사망과 재해사망보험금","https://www.insclaim.co.kr/34?np=2","title_seed_needs_full_text","full_text_not_detected","2026-05-04T15:42:50.497Z","Fetched page did not expose verifiable FSS full text for this target"
"FSS_LATEST_024","FSS latest 75 title seed","질병·상해·간병보험","후유장해/진단/입원/수술/고지통지","의사능력 없는 피보험자의 보험금 청구","https://www.insclaim.co.kr/34?np=2","title_seed_needs_full_text","full_text_not_detected","2026-05-04T15:42:51.137Z","Fetched page did not expose verifiable FSS full text for this target"
"FSS_LATEST_025","FSS latest 75 title seed","질병·상해·간병보험","후유장해/진단/입원/수술/고지통지","부활계약 상해보험금","https://www.insclaim.co.kr/34?np=2","official_fss_full_text","full_text_extracted","2026-05-04T15:42:51.686Z","Full text extracted from source_url"
"FSS_LATEST_026","FSS latest 75 title seed","질병·상해·간병보험","후유장해/진단/입원/수술/고지통지","부담보해제 디스크","https://www.insclaim.co.kr/34?np=2","official_fss_full_text","full_text_extracted","2026-05-04T15:42:52.207Z","Full text extracted from source_url"
"FSS_LATEST_027","FSS latest 75 title seed","실손보험","치료비/약제비/보조기/검진","한방병원 비급여 치료비 실손","https://www.insclaim.co.kr/34?np=2","title_seed_needs_full_text","full_text_not_detected","2026-05-04T15:42:52.726Z","Fetched page did not expose verifiable FSS full text for this target"
"FSS_LATEST_028","FSS latest 75 title seed","실손보험","치료비/약제비/보조기/검진","비급여 치과치료비 실손","https://www.insclaim.co.kr/34?np=2","title_seed_needs_full_text","full_text_not_detected","2026-05-04T15:42:53.236Z","Fetched page did not expose verifiable FSS full text for this target"
"FSS_LATEST_029","FSS latest 75 title seed","실손보험","치료비/약제비/보조기/검진","비급여 주사료 실손","https://www.insclaim.co.kr/34?np=2","title_seed_needs_full_text","full_text_not_detected","2026-05-04T15:42:54.156Z","Fetched page did not expose verifiable FSS full text for this target"
"FSS_LATEST_030","FSS latest 75 title seed","실손보험","치료비/약제비/보조기/검진","본인부담상한액 초과액 실손","https://www.insclaim.co.kr/34?np=2","title_seed_needs_full_text","full_text_not_detected","2026-05-04T15:42:54.697Z","Fetched page did not expose verifiable FSS full text for this target"
"FSS_LATEST_031","FSS latest 75 title seed","실손보험","치료비/약제비/보조기/검진","의료보조기 바코패드 실손","https://www.insclaim.co.kr/34?np=3","title_seed_needs_full_text","full_text_not_detected","2026-05-04T15:42:55.226Z","Fetched page did not expose verifiable FSS full text for this target"
"FSS_LATEST_032","FSS latest 75 title seed","실손보험","치료비/약제비/보조기/검진","성장호르몬제 실손","https://www.insclaim.co.kr/34?np=3","title_seed_needs_full_text","full_text_not_detected","2026-05-04T15:42:55.747Z","Fetched page did not expose verifiable FSS full text for this target"
"FSS_LATEST_033","FSS latest 75 title seed","실손보험","치료비/약제비/보조기/검진","위험분담제 항암제/치료제 실손","https://www.insclaim.co.kr/34?np=3","title_seed_needs_full_text","full_text_not_detected","2026-05-04T15:42:56.276Z","Fetched page did not expose verifiable FSS full text for this target"
"FSS_LATEST_034","FSS latest 75 title seed","실손보험","치료비/약제비/보조기/검진","백내장 다초점 인공수정체 실손","https://www.insclaim.co.kr/34?np=3","title_seed_needs_full_text","full_text_not_detected","2026-05-04T15:42:56.836Z","Fetched page did not expose verifiable FSS full text for this target"
"FSS_LATEST_035","FSS latest 75 title seed","실손보험","치료비/약제비/보조기/검진","비자 발급 건강검진 실손","https://www.insclaim.co.kr/34?np=3","title_seed_needs_full_text","full_text_not_detected","2026-05-04T15:42:57.386Z","Fetched page did not expose verifiable FSS full text for this target"
"FSS_LATEST_036","FSS latest 75 title seed","일반손해보험","배상책임/재물/운전자/성능보증","세입자 일상생활배상책임 누수사고","https://www.insclaim.co.kr/34?np=3","title_seed_needs_full_text","full_text_not_detected","2026-05-04T15:42:57.916Z","Fetched page did not expose verifiable FSS full text for this target"
"FSS_LATEST_037","FSS latest 75 title seed","일반손해보험","배상책임/재물/운전자/성능보증","전동킥보드 일상생활배상책임","https://www.insclaim.co.kr/34?np=3","title_seed_needs_full_text","full_text_not_detected","2026-05-04T15:42:58.466Z","Fetched page did not expose verifiable FSS full text for this target"
"FSS_LATEST_038","FSS latest 75 title seed","일반손해보험","배상책임/재물/운전자/성능보증","가족일상생활배상책임 물건 파손","https://www.insclaim.co.kr/34?np=3","title_seed_needs_full_text","full_text_not_detected","2026-05-04T15:42:59.016Z","Fetched page did not expose verifiable FSS full text for this target"
"FSS_LATEST_039","FSS latest 75 title seed","일반손해보험","배상책임/재물/운전자/성능보증","드론 실습수업 추락","https://www.insclaim.co.kr/34?np=3","title_seed_needs_full_text","full_text_not_detected","2026-05-04T15:42:59.526Z","Fetched page did not expose verifiable FSS full text for this target"
"FSS_LATEST_040","FSS latest 75 title seed","일반손해보험","배상책임/재물/운전자/성능보증","영업배상책임 자기부담금","https://www.insclaim.co.kr/34?np=3","title_seed_needs_full_text","full_text_not_detected","2026-05-04T15:43:00.106Z","Fetched page did not expose verifiable FSS full text for this target"
"FSS_LATEST_041","FSS latest 75 title seed","일반손해보험","배상책임/재물/운전자/성능보증","시설배상책임 이사 중 철거공사","https://www.insclaim.co.kr/34?np=3","title_seed_needs_full_text","full_text_not_detected","2026-05-04T15:43:00.646Z","Fetched page did not expose verifiable FSS full text for this target"
"FSS_LATEST_042","FSS latest 75 title seed","일반손해보험","배상책임/재물/운전자/성능보증","종합배상책임 운동경기 중 상해","https://www.insclaim.co.kr/34?np=3","title_seed_needs_full_text","full_text_not_detected","2026-05-04T15:43:01.186Z","Fetched page did not expose verifiable FSS full text for this target"
"FSS_LATEST_043","FSS latest 75 title seed","일반손해보험","배상책임/재물/운전자/성능보증","생산물배상책임 왁싱 키트","https://www.insclaim.co.kr/34?np=3","title_seed_needs_full_text","full_text_not_detected","2026-05-04T15:43:01.727Z","Fetched page did not expose verifiable FSS full text for this target"
"FSS_LATEST_044","FSS latest 75 title seed","일반손해보험","배상책임/재물/운전자/성능보증","음식물배상책임 갈비탕 뼈","https://www.insclaim.co.kr/34?np=3","title_seed_needs_full_text","full_text_not_detected","2026-05-04T15:43:02.246Z","Fetched page did not expose verifiable FSS full text for this target"
"FSS_LATEST_045","FSS latest 75 title seed","일반손해보험","배상책임/재물/운전자/성능보증","지방자치단체배상책임 포트홀","https://www.insclaim.co.kr/34?np=3","title_seed_needs_full_text","full_text_not_detected","2026-05-04T15:43:02.777Z","Fetched page did not expose verifiable FSS full text for this target"
"FSS_LATEST_046","FSS latest 75 title seed","일반손해보험","배상책임/재물/운전자/성능보증","자동차 성능·상태점검책임보험 수리부위","https://www.insclaim.co.kr/34?np=4","title_seed_needs_full_text","full_text_not_detected","2026-05-04T15:43:03.306Z","Fetched page did not expose verifiable FSS full text for this target"
"FSS_LATEST_047","FSS latest 75 title seed","일반손해보험","배상책임/재물/운전자/성능보증","자동차 성능·상태점검책임보험 보증기간","https://www.insclaim.co.kr/34?np=4","title_seed_needs_full_text","full_text_not_detected","2026-05-04T15:43:03.836Z","Fetched page did not expose verifiable FSS full text for this target"
"FSS_LATEST_048","FSS latest 75 title seed","일반손해보험","배상책임/재물/운전자/성능보증","자동차 성능·상태점검책임보험 제휴 정비업소","https://www.insclaim.co.kr/34?np=4","title_seed_needs_full_text","full_text_not_detected","2026-05-04T15:43:04.446Z","Fetched page did not expose verifiable FSS full text for this target"
"FSS_LATEST_049","FSS latest 75 title seed","일반손해보험","배상책임/재물/운전자/성능보증","화재보험 감가상각","https://www.insclaim.co.kr/34?np=4","title_seed_needs_full_text","full_text_not_detected","2026-05-04T15:43:04.996Z","Fetched page did not expose verifiable FSS full text for this target"
"FSS_LATEST_050","FSS latest 75 title seed","일반손해보험","배상책임/재물/운전자/성능보증","주택화재보험 스프링클러 누출손해","https://www.insclaim.co.kr/34?np=4","official_fss_full_text","full_text_extracted","2026-05-04T15:43:05.566Z","Full text extracted from source_url"
"FSS_LATEST_051","FSS latest 75 title seed","일반손해보험","배상책임/재물/운전자/성능보증","휴대폰보험 사설 수리업체","https://www.insclaim.co.kr/34?np=4","title_seed_needs_full_text","full_text_not_detected","2026-05-04T15:43:06.116Z","Fetched page did not expose verifiable FSS full text for this target"
"FSS_LATEST_052","FSS latest 75 title seed","일반손해보험","배상책임/재물/운전자/성능보증","휴대폰보험 수리비 산정","https://www.insclaim.co.kr/34?np=4","title_seed_needs_full_text","full_text_not_detected","2026-05-04T15:43:06.676Z","Fetched page did not expose verifiable FSS full text for this target"
"FSS_LATEST_053","FSS latest 75 title seed","일반손해보험","배상책임/재물/운전자/성능보증","보증수리연장보험 냉장고 이동 중 파손","https://www.insclaim.co.kr/34?np=4","title_seed_needs_full_text","full_text_not_detected","2026-05-04T15:43:07.227Z","Fetched page did not expose verifiable FSS full text for this target"
"FSS_LATEST_054","FSS latest 75 title seed","일반손해보험","배상책임/재물/운전자/성능보증","운전자보험 교통사고처리지원금 자가용 배달","https://www.insclaim.co.kr/34?np=4","official_fss_full_text","full_text_extracted","2026-05-04T15:43:07.767Z","Full text extracted from source_url"
"FSS_LATEST_055","FSS latest 75 title seed","일반손해보험","배상책임/재물/운전자/성능보증","운전자보험 형사합의금","https://www.insclaim.co.kr/34?np=4","title_seed_needs_full_text","full_text_not_detected","2026-05-04T15:43:08.318Z","Fetched page did not expose verifiable FSS full text for this target"
"FSS_LATEST_056","FSS latest 75 title seed","일반손해보험","배상책임/재물/운전자/성능보증","운전자보험 실제 합의금 한도","https://www.insclaim.co.kr/34?np=4","title_seed_needs_full_text","full_text_not_detected","2026-05-04T15:43:08.856Z","Fetched page did not expose verifiable FSS full text for this target"
"FSS_LATEST_057","FSS latest 75 title seed","일반손해보험","배상책임/재물/운전자/성능보증","운전자보험 변호사선임비용","https://www.insclaim.co.kr/34?np=4","official_fss_full_text","full_text_extracted","2026-05-04T15:43:09.417Z","Full text extracted from source_url"
"FSS_LATEST_058","FSS latest 75 title seed","일반손해보험","배상책임/재물/운전자/성능보증","운전자보험 민사소송법률비용","https://www.insclaim.co.kr/34?np=4","official_fss_full_text","full_text_extracted","2026-05-04T15:43:10.116Z","Full text extracted from source_url"
"FSS_LATEST_059","FSS latest 75 title seed","자동차보험","대인/대물/자차/특약","자동차보험 유상운송 대인배상Ⅱ·대물배상","https://www.insclaim.co.kr/34?np=4","official_fss_full_text","full_text_extracted","2026-05-04T15:43:10.666Z","Full text extracted from source_url"
"FSS_LATEST_060","FSS latest 75 title seed","자동차보험","대인/대물/자차/특약","자동차보험 음주운전 사고부담금 구상","https://www.insclaim.co.kr/34?np=4","title_seed_needs_full_text","full_text_not_detected","2026-05-04T15:43:11.206Z","Fetched page did not expose verifiable FSS full text for this target"
"FSS_LATEST_061","FSS latest 75 title seed","자동차보험","대인/대물/자차/특약","대인배상 지불보증 거부","https://www.insclaim.co.kr/34?np=5","official_fss_full_text","full_text_extracted","2026-05-04T15:43:11.747Z","Full text extracted from source_url"
"FSS_LATEST_062","FSS latest 75 title seed","자동차보험","대인/대물/자차/특약","대인배상 휴업손해","https://www.insclaim.co.kr/34?np=5","official_fss_full_text","full_text_extracted","2026-05-04T15:43:12.277Z","Full text extracted from source_url"
"FSS_LATEST_063","FSS latest 75 title seed","자동차보험","대인/대물/자차/특약","대인배상 과실비율","https://www.insclaim.co.kr/34?np=5","official_fss_full_text","full_text_extracted","2026-05-04T15:43:12.808Z","Full text extracted from source_url"
"FSS_LATEST_064","FSS latest 75 title seed","자동차보험","대인/대물/자차/특약","대물배상 카시트 수리비","https://www.insclaim.co.kr/34?np=5","title_seed_needs_full_text","full_text_not_detected","2026-05-04T15:43:13.346Z","Fetched page did not expose verifiable FSS full text for this target"
"FSS_LATEST_065","FSS latest 75 title seed","자동차보험","대인/대물/자차/특약","대물배상 폐차 차량 교환가액","https://www.insclaim.co.kr/34?np=5","title_seed_needs_full_text","full_text_not_detected","2026-05-04T15:43:13.877Z","Fetched page did not expose verifiable FSS full text for this target"
"FSS_LATEST_066","FSS latest 75 title seed","자동차보험","대인/대물/자차/특약","대물배상 대차료","https://www.insclaim.co.kr/34?np=5","official_fss_full_text","full_text_extracted","2026-05-04T15:43:14.407Z","Full text extracted from source_url"
"FSS_LATEST_067","FSS latest 75 title seed","자동차보험","대인/대물/자차/특약","대물배상 휴차료·영업손실","https://www.insclaim.co.kr/34?np=5","title_seed_needs_full_text","full_text_not_detected","2026-05-04T15:43:14.936Z","Fetched page did not expose verifiable FSS full text for this target"
"FSS_LATEST_068","FSS latest 75 title seed","자동차보험","대인/대물/자차/특약","대물배상 차량시세 하락손해 수리비 20% 미초과","https://www.insclaim.co.kr/34?np=5","official_fss_full_text","full_text_extracted","2026-05-04T15:43:15.466Z","Full text extracted from source_url"
"FSS_LATEST_069","FSS latest 75 title seed","자동차보험","대인/대물/자차/특약","대물배상 차량시세 하락손해 출고 5년 경과","https://www.insclaim.co.kr/34?np=5","official_fss_full_text","full_text_extracted","2026-05-04T15:43:16.337Z","Full text extracted from source_url"
"FSS_LATEST_070","FSS latest 75 title seed","자동차보험","대인/대물/자차/특약","대물배상 견인비용","https://www.insclaim.co.kr/34?np=5","official_fss_full_text","full_text_extracted","2026-05-04T15:43:16.868Z","Full text extracted from source_url"
"FSS_LATEST_071","FSS latest 75 title seed","자동차보험","대인/대물/자차/특약","대물배상 특별손해 리스계약 위약금","https://www.insclaim.co.kr/34?np=5","title_seed_needs_full_text","full_text_not_detected","2026-05-04T15:43:17.416Z","Fetched page did not expose verifiable FSS full text for this target"
"FSS_LATEST_072","FSS latest 75 title seed","자동차보험","대인/대물/자차/특약","자기차량손해 단독사고","https://www.insclaim.co.kr/34?np=5","official_fss_full_text","full_text_extracted","2026-05-04T15:43:17.967Z","Full text extracted from source_url"
"FSS_LATEST_073","FSS latest 75 title seed","자동차보험","대인/대물/자차/특약","가족운전자한정특약 사실혼 사위·며느리","https://www.insclaim.co.kr/34?np=5","title_seed_needs_full_text","full_text_not_detected","2026-05-04T15:43:18.498Z","Fetched page did not expose verifiable FSS full text for this target"
"FSS_LATEST_074","FSS latest 75 title seed","자동차보험","대인/대물/자차/특약","자동차보험 단독사고 빗물 침수","https://www.insclaim.co.kr/34?np=5","title_seed_needs_full_text","full_text_not_detected","2026-05-04T15:43:19.027Z","Fetched page did not expose verifiable FSS full text for this target"
"FSS_LATEST_075","FSS latest 75 title seed","자동차보험","대인/대물/자차/특약","다른 자동차 운전담보","https://www.insclaim.co.kr/34?np=5","official_fss_full_text","full_text_extracted","2026-05-04T15:43:19.637Z","Full text extracted from source_url"
